ID_Incidente,Fecha,Ataque,Categoria,IP_Origen,Puntuacion_CVSS,Estado
INC-0001,2026-02-25 04:00:00,Phishing,Ingeniería Social,192.168.1.71,6.0,Activo
INC-0002,2026-01-19 15:00:00,Phishing,Ingeniería Social,192.168.1.220,5.8,Activo
INC-0003,2026-01-04 16:00:00,Inyección SQL (SQLi),Inyección,192.168.1.149,9.2,Mitigado
INC-0004,2026-05-19 01:00:00,Phishing,Ingeniería Social,192.168.1.118,5.1,En Investigación
INC-0005,2026-05-15 12:00:00,Phishing,Ingeniería Social,192.168.1.246,5.3,Mitigado
INC-0006,2026-01-14 16:00:00,Inyección SQL (SQLi),Inyección,192.168.1.245,8.7,En Investigación
INC-0007,2026-03-15 13:00:00,Denegación de Servicio (DDoS),Disponibilidad,192.168.1.230,5.1,Activo
INC-0008,2026-02-24 18:00:00,Phishing,Ingeniería Social,192.168.1.153,5.7,Mitigado
INC-0009,2026-04-05 01:00:00,Phishing,Ingeniería Social,192.168.1.71,4.0,Mitigado
INC-0010,2026-04-10 04:00:00,Fuerza Bruta RDP,Acceso no Autorizado,192.168.1.27,7.7,Mitigado
INC-0011,2026-05-06 12:00:00,Inyección SQL (SQLi),Inyección,192.168.1.220,8.8,Activo
INC-0012,2026-04-10 17:00:00,Malware Infección,Software Malicioso,192.168.1.171,6.0,Activo
INC-0013,2026-02-01 04:00:00,Phishing,Ingeniería Social,192.168.1.93,4.5,En Investigación
INC-0014,2026-04-01 09:00:00,Inyección SQL (SQLi),Inyección,192.168.1.246,8.4,Activo
INC-0015,2026-02-04 01:00:00,Malware Infección,Software Malicioso,192.168.1.102,6.5,Mitigado
INC-0016,2026-02-26 01:00:00,Malware Infección,Software Malicioso,192.168.1.87,8.3,En Investigación
INC-0017,2026-06-05 06:00:00,Fuerza Bruta RDP,Acceso no Autorizado,192.168.1.87,9.7,Mitigado
INC-0018,2026-04-14 21:00:00,Denegación de Servicio (DDoS),Disponibilidad,192.168.1.242,6.5,Activo
INC-0019,2026-01-02 11:00:00,Denegación de Servicio (DDoS),Disponibilidad,192.168.1.171,6.6,En Investigación
INC-0020,2026-01-13 09:00:00,Phishing,Ingeniería Social,192.168.1.149,6.1,En Investigación
INC-0021,2026-01-25 03:00:00,Phishing,Ingeniería Social,192.168.1.118,4.2,En Investigación
INC-0022,2026-01-28 16:00:00,Phishing,Ingeniería Social,192.168.1.171,4.6,Mitigado
INC-0023,2026-02-26 14:00:00,Fuerza Bruta RDP,Acceso no Autorizado,192.168.1.124,7.0,Mitigado
INC-0024,2026-04-30 02:00:00,Inyección SQL (SQLi),Inyección,192.168.1.84,10.0,Activo
INC-0025,2026-06-14 08:00:00,Denegación de Servicio (DDoS),Disponibilidad,192.168.1.229,5.3,Activo
INC-0026,2026-05-17 23:00:00,Fuerza Bruta RDP,Acceso no Autorizado,192.168.1.124,8.3,En Investigación
INC-0027,2026-05-19 02:00:00,Phishing,Ingeniería Social,192.168.1.171,4.2,Mitigado
INC-0028,2026-04-10 08:00:00,Denegación de Servicio (DDoS),Disponibilidad,192.168.1.220,5.4,Activo
INC-0029,2026-06-10 05:00:00,Inyección SQL (SQLi),Inyección,192.168.1.71,8.9,En Investigación
INC-0030,2026-05-01 00:00:00,Phishing,Ingeniería Social,192.168.1.27,5.5,Activo
INC-0031,2026-02-18 13:00:00,Denegación de Servicio (DDoS),Disponibilidad,192.168.1.93,5.3,Activo
INC-0032,2026-04-05 00:00:00,Malware Infección,Software Malicioso,192.168.1.245,6.9,En Investigación
INC-0033,2026-05-26 16:00:00,Inyección SQL (SQLi),Inyección,192.168.1.71,9.2,Activo
INC-0034,2026-05-09 09:00:00,Inyección SQL (SQLi),Inyección,192.168.1.71,9.6,Mitigado
INC-0035,2026-03-31 18:00:00,Denegación de Servicio (DDoS),Disponibilidad,192.168.1.129,7.0,Mitigado
INC-0036,2026-01-11 04:00:00,Malware Infección,Software Malicioso,192.168.1.129,6.2,Activo
INC-0037,2026-04-29 10:00:00,Malware Infección,Software Malicioso,192.168.1.93,8.0,Mitigado
INC-0038,2026-02-22 07:00:00,Phishing,Ingeniería Social,192.168.1.171,4.7,Mitigado
INC-0039,2026-06-13 18:00:00,Denegación de Servicio (DDoS),Disponibilidad,192.168.1.124,5.3,Mitigado
INC-0040,2026-06-03 10:00:00,Fuerza Bruta RDP,Acceso no Autorizado,192.168.1.149,9.2,Mitigado
INC-0041,2026-01-22 08:00:00,Phishing,Ingeniería Social,192.168.1.171,4.8,Mitigado
INC-0042,2026-02-23 06:00:00,Malware Infección,Software Malicioso,192.168.1.27,5.6,En Investigación
INC-0043,2026-04-05 06:00:00,Phishing,Ingeniería Social,192.168.1.171,5.8,Mitigado
INC-0044,2026-05-12 02:00:00,Inyección SQL (SQLi),Inyección,192.168.1.149,8.5,Mitigado
INC-0045,2026-03-09 23:00:00,Inyección SQL (SQLi),Inyección,192.168.1.129,9.6,Activo
INC-0046,2026-03-22 04:00:00,Phishing,Ingeniería Social,192.168.1.118,5.6,En Investigación
INC-0047,2026-06-05 19:00:00,Malware Infección,Software Malicioso,192.168.1.71,8.5,Activo
INC-0048,2026-01-03 16:00:00,Phishing,Ingeniería Social,192.168.1.102,4.5,Activo
INC-0049,2026-01-16 22:00:00,Phishing,Ingeniería Social,192.168.1.102,6.2,Activo
INC-0050,2026-03-10 07:00:00,Denegación de Servicio (DDoS),Disponibilidad,192.168.1.118,6.2,Mitigado
INC-0051,2026-05-07 03:00:00,Phishing,Ingeniería Social,192.168.1.87,6.0,En Investigación
INC-0052,2026-03-25 06:00:00,Denegación de Servicio (DDoS),Disponibilidad,192.168.1.153,6.0,Activo
INC-0053,2026-04-11 12:00:00,Phishing,Ingeniería Social,192.168.1.118,6.1,Mitigado
INC-0054,2026-03-09 22:00:00,Denegación de Servicio (DDoS),Disponibilidad,192.168.1.102,5.7,En Investigación
INC-0055,2026-05-26 03:00:00,Inyección SQL (SQLi),Inyección,192.168.1.246,8.4,Mitigado
INC-0056,2026-05-21 14:00:00,Denegación de Servicio (DDoS),Disponibilidad,192.168.1.93,5.4,Mitigado
INC-0057,2026-05-04 23:00:00,Inyección SQL (SQLi),Inyección,192.168.1.230,9.7,Mitigado
INC-0058,2026-05-14 18:00:00,Inyección SQL (SQLi),Inyección,192.168.1.87,9.8,Activo
INC-0059,2026-03-23 11:00:00,Inyección SQL (SQLi),Inyección,192.168.1.131,8.5,Mitigado
INC-0060,2026-03-09 03:00:00,Phishing,Ingeniería Social,192.168.1.87,6.0,En Investigación
INC-0061,2026-03-23 01:00:00,Malware Infección,Software Malicioso,192.168.1.229,6.1,Mitigado
INC-0062,2026-06-20 03:00:00,Fuerza Bruta RDP,Acceso no Autorizado,192.168.1.220,7.0,Activo
INC-0063,2026-01-30 02:00:00,Malware Infección,Software Malicioso,192.168.1.246,5.6,Activo
INC-0064,2026-06-26 17:00:00,Phishing,Ingeniería Social,192.168.1.118,5.8,En Investigación
INC-0065,2026-05-10 15:00:00,Malware Infección,Software Malicioso,192.168.1.245,5.5,Activo
INC-0066,2026-06-21 12:00:00,Phishing,Ingeniería Social,192.168.1.149,5.4,Mitigado
INC-0067,2026-04-13 04:00:00,Phishing,Ingeniería Social,192.168.1.246,6.1,En Investigación
INC-0068,2026-03-05 02:00:00,Fuerza Bruta RDP,Acceso no Autorizado,192.168.1.246,7.4,Activo
INC-0069,2026-05-20 14:00:00,Malware Infección,Software Malicioso,192.168.1.118,8.4,En Investigación
INC-0070,2026-01-14 03:00:00,Malware Infección,Software Malicioso,192.168.1.102,5.4,En Investigación
INC-0071,2026-02-04 16:00:00,Malware Infección,Software Malicioso,192.168.1.220,5.6,Activo
INC-0072,2026-02-03 13:00:00,Malware Infección,Software Malicioso,192.168.1.171,7.7,Activo
INC-0073,2026-04-12 18:00:00,Inyección SQL (SQLi),Inyección,192.168.1.87,8.3,Mitigado
INC-0074,2026-01-14 00:00:00,Phishing,Ingeniería Social,192.168.1.153,6.4,Mitigado
INC-0075,2026-02-08 17:00:00,Malware Infección,Software Malicioso,192.168.1.153,6.7,Mitigado
INC-0076,2026-01-02 22:00:00,Fuerza Bruta RDP,Acceso no Autorizado,192.168.1.235,8.4,Mitigado
INC-0077,2026-05-26 18:00:00,Denegación de Servicio (DDoS),Disponibilidad,192.168.1.124,5.6,Activo
INC-0078,2026-05-11 18:00:00,Fuerza Bruta RDP,Acceso no Autorizado,192.168.1.149,8.3,Activo
INC-0079,2026-04-11 18:00:00,Fuerza Bruta RDP,Acceso no Autorizado,192.168.1.84,8.9,Activo
INC-0080,2026-01-13 19:00:00,Denegación de Servicio (DDoS),Disponibilidad,192.168.1.27,6.2,Activo
INC-0081,2026-05-21 12:00:00,Phishing,Ingeniería Social,192.168.1.246,5.3,Mitigado
INC-0082,2026-02-25 21:00:00,Fuerza Bruta RDP,Acceso no Autorizado,192.168.1.118,7.9,Activo
INC-0083,2026-04-25 13:00:00,Fuerza Bruta RDP,Acceso no Autorizado,192.168.1.84,7.1,Activo
INC-0084,2026-04-29 11:00:00,Inyección SQL (SQLi),Inyección,192.168.1.153,9.5,En Investigación
INC-0085,2026-01-21 21:00:00,Fuerza Bruta RDP,Acceso no Autorizado,192.168.1.220,9.6,En Investigación
INC-0086,2026-04-05 18:00:00,Phishing,Ingeniería Social,192.168.1.93,5.2,Activo
INC-0087,2026-02-13 18:00:00,Malware Infección,Software Malicioso,192.168.1.71,7.0,Activo
INC-0088,2026-04-16 02:00:00,Fuerza Bruta RDP,Acceso no Autorizado,192.168.1.220,7.5,Activo
INC-0089,2026-04-25 20:00:00,Fuerza Bruta RDP,Acceso no Autorizado,192.168.1.84,7.2,En Investigación
INC-0090,2026-04-27 21:00:00,Fuerza Bruta RDP,Acceso no Autorizado,192.168.1.153,9.1,Activo
INC-0091,2026-01-26 02:00:00,Malware Infección,Software Malicioso,192.168.1.124,7.2,Activo
INC-0092,2026-06-30 19:00:00,Denegación de Servicio (DDoS),Disponibilidad,192.168.1.149,7.3,Activo
INC-0093,2026-02-05 14:00:00,Phishing,Ingeniería Social,192.168.1.93,6.0,En Investigación
INC-0094,2026-05-11 13:00:00,Inyección SQL (SQLi),Inyección,192.168.1.84,8.8,En Investigación
INC-0095,2026-02-10 14:00:00,Malware Infección,Software Malicioso,192.168.1.245,8.4,Activo
INC-0096,2026-06-22 07:00:00,Inyección SQL (SQLi),Inyección,192.168.1.124,9.2,Mitigado
INC-0097,2026-04-03 11:00:00,Denegación de Servicio (DDoS),Disponibilidad,192.168.1.171,7.1,En Investigación
INC-0098,2026-06-11 14:00:00,Denegación de Servicio (DDoS),Disponibilidad,192.168.1.171,6.3,Mitigado
INC-0099,2026-03-07 12:00:00,Inyección SQL (SQLi),Inyección,192.168.1.245,9.6,Mitigado
INC-0100,2026-02-24 22:00:00,Denegación de Servicio (DDoS),Disponibilidad,192.168.1.71,5.0,En Investigación
INC-0101,2026-03-18 06:00:00,Phishing,Ingeniería Social,192.168.1.245,4.6,En Investigación
INC-0102,2026-01-10 20:00:00,Fuerza Bruta RDP,Acceso no Autorizado,192.168.1.245,8.3,Activo
INC-0103,2026-02-18 09:00:00,Denegación de Servicio (DDoS),Disponibilidad,192.168.1.27,6.5,Mitigado
INC-0104,2026-02-14 11:00:00,Fuerza Bruta RDP,Acceso no Autorizado,192.168.1.220,9.7,Activo
INC-0105,2026-06-13 18:00:00,Fuerza Bruta RDP,Acceso no Autorizado,192.168.1.102,8.9,Mitigado
INC-0106,2026-04-07 06:00:00,Fuerza Bruta RDP,Acceso no Autorizado,192.168.1.84,8.9,Mitigado
INC-0107,2026-06-30 21:00:00,Inyección SQL (SQLi),Inyección,192.168.1.84,9.0,Activo
INC-0108,2026-06-17 23:00:00,Inyección SQL (SQLi),Inyección,192.168.1.129,9.2,En Investigación
INC-0109,2026-04-13 05:00:00,Denegación de Servicio (DDoS),Disponibilidad,192.168.1.230,5.2,Activo
INC-0110,2026-03-04 18:00:00,Phishing,Ingeniería Social,192.168.1.129,5.8,Activo
INC-0111,2026-03-26 07:00:00,Malware Infección,Software Malicioso,192.168.1.171,7.6,Mitigado
INC-0112,2026-01-07 22:00:00,Inyección SQL (SQLi),Inyección,192.168.1.246,8.1,En Investigación
INC-0113,2026-03-24 05:00:00,Phishing,Ingeniería Social,192.168.1.27,6.3,En Investigación
INC-0114,2026-06-02 14:00:00,Malware Infección,Software Malicioso,192.168.1.129,8.5,Mitigado
INC-0115,2026-01-07 14:00:00,Inyección SQL (SQLi),Inyección,192.168.1.93,9.9,Mitigado
INC-0116,2026-06-07 00:00:00,Phishing,Ingeniería Social,192.168.1.242,5.0,Activo
INC-0117,2026-03-21 23:00:00,Fuerza Bruta RDP,Acceso no Autorizado,192.168.1.246,8.8,Mitigado
INC-0118,2026-03-23 14:00:00,Phishing,Ingeniería Social,192.168.1.27,5.1,Mitigado
INC-0119,2026-05-04 23:00:00,Malware Infección,Software Malicioso,192.168.1.71,6.4,Mitigado
INC-0120,2026-03-04 13:00:00,Fuerza Bruta RDP,Acceso no Autorizado,192.168.1.27,8.8,Mitigado
INC-0121,2026-03-09 20:00:00,Malware Infección,Software Malicioso,192.168.1.131,6.0,Mitigado
INC-0122,2026-06-02 05:00:00,Phishing,Ingeniería Social,192.168.1.118,6.2,Mitigado
INC-0123,2026-01-11 04:00:00,Fuerza Bruta RDP,Acceso no Autorizado,192.168.1.27,8.4,Activo
INC-0124,2026-05-05 07:00:00,Denegación de Servicio (DDoS),Disponibilidad,192.168.1.84,5.3,En Investigación
INC-0125,2026-06-30 13:00:00,Inyección SQL (SQLi),Inyección,192.168.1.27,8.3,Mitigado
INC-0126,2026-05-01 17:00:00,Denegación de Servicio (DDoS),Disponibilidad,192.168.1.153,5.3,En Investigación
INC-0127,2026-01-22 04:00:00,Malware Infección,Software Malicioso,192.168.1.102,6.3,Mitigado
INC-0128,2026-03-21 03:00:00,Fuerza Bruta RDP,Acceso no Autorizado,192.168.1.129,7.1,Activo
INC-0129,2026-03-26 05:00:00,Malware Infección,Software Malicioso,192.168.1.71,7.1,Activo
INC-0130,2026-06-14 17:00:00,Denegación de Servicio (DDoS),Disponibilidad,192.168.1.87,5.7,Mitigado
INC-0131,2026-04-13 00:00:00,Malware Infección,Software Malicioso,192.168.1.87,6.0,Activo
INC-0132,2026-01-14 06:00:00,Inyección SQL (SQLi),Inyección,192.168.1.149,8.5,Mitigado
INC-0133,2026-03-06 11:00:00,Fuerza Bruta RDP,Acceso no Autorizado,192.168.1.242,8.2,Activo
INC-0134,2026-04-13 17:00:00,Fuerza Bruta RDP,Acceso no Autorizado,192.168.1.124,7.5,Activo
INC-0135,2026-06-23 06:00:00,Inyección SQL (SQLi),Inyección,192.168.1.246,9.3,Activo
INC-0136,2026-05-29 19:00:00,Inyección SQL (SQLi),Inyección,192.168.1.242,8.4,En Investigación
INC-0137,2026-05-05 04:00:00,Fuerza Bruta RDP,Acceso no Autorizado,192.168.1.230,9.0,Mitigado
INC-0138,2026-02-03 22:00:00,Fuerza Bruta RDP,Acceso no Autorizado,192.168.1.124,9.5,En Investigación
INC-0139,2026-05-04 08:00:00,Inyección SQL (SQLi),Inyección,192.168.1.171,10.0,En Investigación
INC-0140,2026-03-10 08:00:00,Inyección SQL (SQLi),Inyección,192.168.1.245,9.1,Mitigado
INC-0141,2026-04-13 01:00:00,Denegación de Servicio (DDoS),Disponibilidad,192.168.1.124,5.3,Activo
INC-0142,2026-01-27 06:00:00,Phishing,Ingeniería Social,192.168.1.93,6.5,Activo
INC-0143,2026-01-27 04:00:00,Phishing,Ingeniería Social,192.168.1.118,5.4,Activo
INC-0144,2026-03-21 05:00:00,Denegación de Servicio (DDoS),Disponibilidad,192.168.1.242,6.0,En Investigación
INC-0145,2026-01-17 14:00:00,Fuerza Bruta RDP,Acceso no Autorizado,192.168.1.131,9.7,En Investigación
INC-0146,2026-03-04 22:00:00,Fuerza Bruta RDP,Acceso no Autorizado,192.168.1.171,9.7,Activo
INC-0147,2026-06-25 11:00:00,Fuerza Bruta RDP,Acceso no Autorizado,192.168.1.124,7.4,Activo
INC-0148,2026-03-28 12:00:00,Phishing,Ingeniería Social,192.168.1.242,5.0,Activo
INC-0149,2026-05-30 23:00:00,Malware Infección,Software Malicioso,192.168.1.124,7.0,Activo
INC-0150,2026-03-01 22:00:00,Phishing,Ingeniería Social,192.168.1.129,5.0,Mitigado
INC-0151,2026-01-05 09:00:00,Fuerza Bruta RDP,Acceso no Autorizado,192.168.1.235,7.9,Mitigado
INC-0152,2026-01-15 09:00:00,Phishing,Ingeniería Social,192.168.1.242,5.1,Activo
INC-0153,2026-06-06 15:00:00,Inyección SQL (SQLi),Inyección,192.168.1.118,8.1,En Investigación
INC-0154,2026-05-01 13:00:00,Phishing,Ingeniería Social,192.168.1.153,5.6,Mitigado
INC-0155,2026-03-31 16:00:00,Inyección SQL (SQLi),Inyección,192.168.1.129,8.8,Mitigado
INC-0156,2026-05-22 08:00:00,Phishing,Ingeniería Social,192.168.1.84,4.8,En Investigación
INC-0157,2026-06-16 18:00:00,Malware Infección,Software Malicioso,192.168.1.87,6.2,En Investigación
INC-0158,2026-05-07 05:00:00,Malware Infección,Software Malicioso,192.168.1.171,7.2,En Investigación
INC-0159,2026-04-16 06:00:00,Phishing,Ingeniería Social,192.168.1.124,5.3,Activo
INC-0160,2026-02-10 23:00:00,Phishing,Ingeniería Social,192.168.1.229,4.7,Activo
INC-0161,2026-05-03 21:00:00,Denegación de Servicio (DDoS),Disponibilidad,192.168.1.102,7.3,Activo
INC-0162,2026-03-06 07:00:00,Inyección SQL (SQLi),Inyección,192.168.1.129,9.2,Mitigado
INC-0163,2026-01-20 11:00:00,Denegación de Servicio (DDoS),Disponibilidad,192.168.1.93,7.5,Mitigado
INC-0164,2026-03-04 21:00:00,Fuerza Bruta RDP,Acceso no Autorizado,192.168.1.27,7.9,En Investigación
INC-0165,2026-04-16 18:00:00,Fuerza Bruta RDP,Acceso no Autorizado,192.168.1.171,7.9,Mitigado
INC-0166,2026-06-24 07:00:00,Malware Infección,Software Malicioso,192.168.1.118,6.1,Activo
INC-0167,2026-01-22 11:00:00,Phishing,Ingeniería Social,192.168.1.27,6.3,Mitigado
INC-0168,2026-06-03 14:00:00,Fuerza Bruta RDP,Acceso no Autorizado,192.168.1.235,7.7,Mitigado
INC-0169,2026-05-16 11:00:00,Phishing,Ingeniería Social,192.168.1.129,6.4,En Investigación
INC-0170,2026-03-20 02:00:00,Malware Infección,Software Malicioso,192.168.1.235,5.6,Mitigado
INC-0171,2026-06-11 09:00:00,Malware Infección,Software Malicioso,192.168.1.71,5.4,En Investigación
INC-0172,2026-04-14 09:00:00,Denegación de Servicio (DDoS),Disponibilidad,192.168.1.230,5.6,Activo
INC-0173,2026-05-10 00:00:00,Malware Infección,Software Malicioso,192.168.1.129,7.1,Mitigado
INC-0174,2026-02-23 23:00:00,Phishing,Ingeniería Social,192.168.1.93,4.5,Activo
INC-0175,2026-05-30 15:00:00,Fuerza Bruta RDP,Acceso no Autorizado,192.168.1.220,7.9,Mitigado
INC-0176,2026-06-17 06:00:00,Malware Infección,Software Malicioso,192.168.1.129,8.0,Activo
INC-0177,2026-06-20 11:00:00,Fuerza Bruta RDP,Acceso no Autorizado,192.168.1.93,8.1,Activo
INC-0178,2026-05-21 21:00:00,Denegación de Servicio (DDoS),Disponibilidad,192.168.1.84,7.0,Mitigado
INC-0179,2026-03-22 20:00:00,Malware Infección,Software Malicioso,192.168.1.153,7.1,Activo
INC-0180,2026-05-09 21:00:00,Fuerza Bruta RDP,Acceso no Autorizado,192.168.1.87,9.6,Activo
INC-0181,2026-04-28 16:00:00,Inyección SQL (SQLi),Inyección,192.168.1.124,8.8,Mitigado
INC-0182,2026-04-04 02:00:00,Inyección SQL (SQLi),Inyección,192.168.1.87,8.1,En Investigación
INC-0183,2026-06-26 09:00:00,Malware Infección,Software Malicioso,192.168.1.129,7.7,En Investigación
INC-0184,2026-04-08 02:00:00,Fuerza Bruta RDP,Acceso no Autorizado,192.168.1.118,8.6,Activo
INC-0185,2026-03-15 09:00:00,Denegación de Servicio (DDoS),Disponibilidad,192.168.1.149,6.7,En Investigación
INC-0186,2026-03-07 03:00:00,Denegación de Servicio (DDoS),Disponibilidad,192.168.1.245,6.8,En Investigación
INC-0187,2026-05-09 20:00:00,Inyección SQL (SQLi),Inyección,192.168.1.153,9.1,Mitigado
INC-0188,2026-06-20 09:00:00,Phishing,Ingeniería Social,192.168.1.102,5.1,Mitigado
INC-0189,2026-01-25 18:00:00,Phishing,Ingeniería Social,192.168.1.235,5.8,Mitigado
INC-0190,2026-04-09 21:00:00,Phishing,Ingeniería Social,192.168.1.220,5.8,En Investigación
INC-0191,2026-01-06 17:00:00,Malware Infección,Software Malicioso,192.168.1.71,6.4,Mitigado
INC-0192,2026-03-16 00:00:00,Malware Infección,Software Malicioso,192.168.1.229,6.1,En Investigación
INC-0193,2026-02-02 03:00:00,Phishing,Ingeniería Social,192.168.1.131,4.4,Activo
INC-0194,2026-05-22 20:00:00,Inyección SQL (SQLi),Inyección,192.168.1.71,9.7,Mitigado
INC-0195,2026-05-20 15:00:00,Phishing,Ingeniería Social,192.168.1.71,6.1,Activo
INC-0196,2026-02-11 14:00:00,Phishing,Ingeniería Social,192.168.1.129,5.2,Mitigado
INC-0197,2026-05-27 21:00:00,Malware Infección,Software Malicioso,192.168.1.220,6.1,Activo
INC-0198,2026-01-28 15:00:00,Inyección SQL (SQLi),Inyección,192.168.1.124,8.6,En Investigación
INC-0199,2026-01-23 03:00:00,Inyección SQL (SQLi),Inyección,192.168.1.245,9.5,Activo
INC-0200,2026-02-05 01:00:00,Denegación de Servicio (DDoS),Disponibilidad,192.168.1.153,7.0,Activo
INC-0201,2026-03-08 04:00:00,Inyección SQL (SQLi),Inyección,192.168.1.149,9.6,Activo
INC-0202,2026-05-31 18:00:00,Phishing,Ingeniería Social,192.168.1.229,5.5,Mitigado
INC-0203,2026-03-29 11:00:00,Denegación de Servicio (DDoS),Disponibilidad,192.168.1.235,7.0,En Investigación
INC-0204,2026-03-26 16:00:00,Phishing,Ingeniería Social,192.168.1.220,4.9,Activo
INC-0205,2026-01-08 08:00:00,Phishing,Ingeniería Social,192.168.1.153,6.0,Mitigado
INC-0206,2026-06-06 19:00:00,Inyección SQL (SQLi),Inyección,192.168.1.129,8.3,Activo
INC-0207,2026-06-08 22:00:00,Malware Infección,Software Malicioso,192.168.1.102,5.9,En Investigación
INC-0208,2026-03-08 07:00:00,Denegación de Servicio (DDoS),Disponibilidad,192.168.1.71,5.6,En Investigación
INC-0209,2026-01-17 02:00:00,Phishing,Ingeniería Social,192.168.1.124,5.3,Activo
INC-0210,2026-05-26 11:00:00,Inyección SQL (SQLi),Inyección,192.168.1.129,8.6,Mitigado
INC-0211,2026-01-30 07:00:00,Phishing,Ingeniería Social,192.168.1.93,4.5,Mitigado
INC-0212,2026-06-24 15:00:00,Phishing,Ingeniería Social,192.168.1.230,5.7,Activo
INC-0213,2026-01-06 01:00:00,Fuerza Bruta RDP,Acceso no Autorizado,192.168.1.220,8.7,Activo
INC-0214,2026-06-15 14:00:00,Phishing,Ingeniería Social,192.168.1.84,4.5,En Investigación
INC-0215,2026-01-20 11:00:00,Phishing,Ingeniería Social,192.168.1.230,5.1,En Investigación
INC-0216,2026-05-25 07:00:00,Denegación de Servicio (DDoS),Disponibilidad,192.168.1.102,7.0,Mitigado
INC-0217,2026-05-28 15:00:00,Phishing,Ingeniería Social,192.168.1.149,4.4,Mitigado
INC-0218,2026-02-05 09:00:00,Phishing,Ingeniería Social,192.168.1.229,4.7,Mitigado
INC-0219,2026-01-06 13:00:00,Fuerza Bruta RDP,Acceso no Autorizado,192.168.1.229,8.1,Mitigado
INC-0220,2026-03-01 15:00:00,Fuerza Bruta RDP,Acceso no Autorizado,192.168.1.102,7.3,En Investigación
INC-0221,2026-06-04 13:00:00,Inyección SQL (SQLi),Inyección,192.168.1.93,8.6,Activo
INC-0222,2026-02-08 02:00:00,Phishing,Ingeniería Social,192.168.1.102,5.1,Mitigado
INC-0223,2026-04-28 20:00:00,Inyección SQL (SQLi),Inyección,192.168.1.246,9.8,Activo
INC-0224,2026-04-06 09:00:00,Malware Infección,Software Malicioso,192.168.1.246,8.4,Mitigado
INC-0225,2026-02-12 04:00:00,Phishing,Ingeniería Social,192.168.1.171,4.1,Activo
INC-0226,2026-06-22 00:00:00,Inyección SQL (SQLi),Inyección,192.168.1.153,8.3,En Investigación
INC-0227,2026-05-04 16:00:00,Malware Infección,Software Malicioso,192.168.1.118,7.7,Activo
INC-0228,2026-05-13 17:00:00,Malware Infección,Software Malicioso,192.168.1.242,6.1,Mitigado
INC-0229,2026-03-21 20:00:00,Inyección SQL (SQLi),Inyección,192.168.1.87,8.2,En Investigación
INC-0230,2026-03-31 04:00:00,Malware Infección,Software Malicioso,192.168.1.129,6.1,Mitigado
INC-0231,2026-01-26 17:00:00,Denegación de Servicio (DDoS),Disponibilidad,192.168.1.131,6.5,Activo
INC-0232,2026-05-30 14:00:00,Denegación de Servicio (DDoS),Disponibilidad,192.168.1.242,6.3,Mitigado
INC-0233,2026-06-10 10:00:00,Denegación de Servicio (DDoS),Disponibilidad,192.168.1.27,7.4,Mitigado
INC-0234,2026-04-14 23:00:00,Phishing,Ingeniería Social,192.168.1.87,6.3,En Investigación
INC-0235,2026-01-23 22:00:00,Phishing,Ingeniería Social,192.168.1.149,4.6,Mitigado
INC-0236,2026-05-16 17:00:00,Inyección SQL (SQLi),Inyección,192.168.1.102,9.7,Mitigado
INC-0237,2026-06-16 01:00:00,Phishing,Ingeniería Social,192.168.1.124,4.2,Mitigado
INC-0238,2026-01-03 13:00:00,Fuerza Bruta RDP,Acceso no Autorizado,192.168.1.153,7.8,Activo
INC-0239,2026-06-22 05:00:00,Malware Infección,Software Malicioso,192.168.1.93,6.7,Mitigado
INC-0240,2026-03-30 14:00:00,Malware Infección,Software Malicioso,192.168.1.245,8.5,En Investigación
INC-0241,2026-01-30 06:00:00,Phishing,Ingeniería Social,192.168.1.235,6.3,En Investigación
INC-0242,2026-04-16 01:00:00,Malware Infección,Software Malicioso,192.168.1.118,5.1,En Investigación
INC-0243,2026-04-11 02:00:00,Inyección SQL (SQLi),Inyección,192.168.1.129,8.5,En Investigación
INC-0244,2026-02-20 04:00:00,Fuerza Bruta RDP,Acceso no Autorizado,192.168.1.71,8.2,En Investigación
INC-0245,2026-02-23 07:00:00,Fuerza Bruta RDP,Acceso no Autorizado,192.168.1.171,8.5,Activo
INC-0246,2026-05-16 04:00:00,Malware Infección,Software Malicioso,192.168.1.93,6.4,Mitigado
INC-0247,2026-05-11 02:00:00,Denegación de Servicio (DDoS),Disponibilidad,192.168.1.229,6.5,Mitigado
INC-0248,2026-06-22 08:00:00,Inyección SQL (SQLi),Inyección,192.168.1.27,8.7,Activo
INC-0249,2026-04-04 19:00:00,Fuerza Bruta RDP,Acceso no Autorizado,192.168.1.102,9.7,Mitigado
INC-0250,2026-03-30 19:00:00,Inyección SQL (SQLi),Inyección,192.168.1.220,8.3,Activo
INC-0251,2026-03-18 19:00:00,Denegación de Servicio (DDoS),Disponibilidad,192.168.1.27,7.2,Activo
INC-0252,2026-04-09 20:00:00,Phishing,Ingeniería Social,192.168.1.118,5.1,Activo
INC-0253,2026-02-26 17:00:00,Inyección SQL (SQLi),Inyección,192.168.1.229,8.7,Activo
INC-0254,2026-06-30 11:00:00,Denegación de Servicio (DDoS),Disponibilidad,192.168.1.245,5.1,Activo
INC-0255,2026-04-23 09:00:00,Phishing,Ingeniería Social,192.168.1.235,5.7,En Investigación
INC-0256,2026-04-21 10:00:00,Denegación de Servicio (DDoS),Disponibilidad,192.168.1.246,6.9,En Investigación
INC-0257,2026-06-08 06:00:00,Malware Infección,Software Malicioso,192.168.1.229,7.7,Activo
INC-0258,2026-04-20 10:00:00,Inyección SQL (SQLi),Inyección,192.168.1.242,9.5,En Investigación
INC-0259,2026-01-25 02:00:00,Malware Infección,Software Malicioso,192.168.1.171,6.0,Mitigado
INC-0260,2026-05-08 12:00:00,Inyección SQL (SQLi),Inyección,192.168.1.246,8.1,En Investigación
INC-0261,2026-05-23 23:00:00,Phishing,Ingeniería Social,192.168.1.220,5.7,Mitigado
INC-0262,2026-01-16 22:00:00,Inyección SQL (SQLi),Inyección,192.168.1.229,9.8,Activo
INC-0263,2026-02-27 07:00:00,Malware Infección,Software Malicioso,192.168.1.129,5.9,Mitigado
INC-0264,2026-05-15 21:00:00,Inyección SQL (SQLi),Inyección,192.168.1.27,8.6,Activo
INC-0265,2026-03-11 22:00:00,Denegación de Servicio (DDoS),Disponibilidad,192.168.1.102,6.2,En Investigación
INC-0266,2026-03-26 22:00:00,Inyección SQL (SQLi),Inyección,192.168.1.84,8.1,Activo
INC-0267,2026-03-04 08:00:00,Denegación de Servicio (DDoS),Disponibilidad,192.168.1.124,6.8,En Investigación
INC-0268,2026-02-28 03:00:00,Fuerza Bruta RDP,Acceso no Autorizado,192.168.1.246,9.7,Activo
INC-0269,2026-03-06 20:00:00,Denegación de Servicio (DDoS),Disponibilidad,192.168.1.118,7.4,Mitigado
INC-0270,2026-01-22 13:00:00,Denegación de Servicio (DDoS),Disponibilidad,192.168.1.124,6.1,En Investigación
INC-0271,2026-04-25 03:00:00,Malware Infección,Software Malicioso,192.168.1.93,5.3,Mitigado
INC-0272,2026-02-24 10:00:00,Inyección SQL (SQLi),Inyección,192.168.1.71,9.1,En Investigación
INC-0273,2026-02-02 21:00:00,Phishing,Ingeniería Social,192.168.1.87,4.9,En Investigación
INC-0274,2026-06-26 20:00:00,Phishing,Ingeniería Social,192.168.1.246,5.7,En Investigación
INC-0275,2026-02-26 09:00:00,Fuerza Bruta RDP,Acceso no Autorizado,192.168.1.230,7.2,En Investigación
INC-0276,2026-01-04 20:00:00,Denegación de Servicio (DDoS),Disponibilidad,192.168.1.87,7.1,Mitigado
INC-0277,2026-02-10 10:00:00,Inyección SQL (SQLi),Inyección,192.168.1.235,10.0,Mitigado
INC-0278,2026-06-02 07:00:00,Malware Infección,Software Malicioso,192.168.1.242,8.1,Mitigado
INC-0279,2026-03-05 10:00:00,Malware Infección,Software Malicioso,192.168.1.246,8.3,Activo
INC-0280,2026-02-18 14:00:00,Inyección SQL (SQLi),Inyección,192.168.1.71,9.0,Activo
INC-0281,2026-02-22 09:00:00,Fuerza Bruta RDP,Acceso no Autorizado,192.168.1.27,7.9,Activo
INC-0282,2026-01-08 12:00:00,Inyección SQL (SQLi),Inyección,192.168.1.129,8.2,Activo
INC-0283,2026-01-23 20:00:00,Inyección SQL (SQLi),Inyección,192.168.1.87,9.2,Activo
INC-0284,2026-04-11 16:00:00,Phishing,Ingeniería Social,192.168.1.71,5.9,En Investigación
INC-0285,2026-06-02 04:00:00,Fuerza Bruta RDP,Acceso no Autorizado,192.168.1.118,8.6,En Investigación
INC-0286,2026-01-15 05:00:00,Denegación de Servicio (DDoS),Disponibilidad,192.168.1.84,5.0,Mitigado
INC-0287,2026-06-01 05:00:00,Inyección SQL (SQLi),Inyección,192.168.1.235,9.5,Mitigado
INC-0288,2026-03-03 04:00:00,Inyección SQL (SQLi),Inyección,192.168.1.242,8.2,Activo
INC-0289,2026-05-08 20:00:00,Denegación de Servicio (DDoS),Disponibilidad,192.168.1.71,6.0,En Investigación
INC-0290,2026-02-05 19:00:00,Inyección SQL (SQLi),Inyección,192.168.1.235,8.8,Activo
INC-0291,2026-03-08 23:00:00,Phishing,Ingeniería Social,192.168.1.129,4.1,Activo
INC-0292,2026-05-15 01:00:00,Denegación de Servicio (DDoS),Disponibilidad,192.168.1.84,7.1,Mitigado
INC-0293,2026-01-22 20:00:00,Inyección SQL (SQLi),Inyección,192.168.1.102,9.6,Mitigado
INC-0294,2026-04-18 21:00:00,Phishing,Ingeniería Social,192.168.1.27,4.1,Activo
INC-0295,2026-01-08 20:00:00,Fuerza Bruta RDP,Acceso no Autorizado,192.168.1.71,9.5,En Investigación
INC-0296,2026-05-14 11:00:00,Fuerza Bruta RDP,Acceso no Autorizado,192.168.1.27,7.9,Mitigado
INC-0297,2026-01-29 15:00:00,Fuerza Bruta RDP,Acceso no Autorizado,192.168.1.102,8.2,En Investigación
INC-0298,2026-06-05 10:00:00,Phishing,Ingeniería Social,192.168.1.229,6.3,Mitigado
INC-0299,2026-06-10 20:00:00,Fuerza Bruta RDP,Acceso no Autorizado,192.168.1.118,9.1,En Investigación
INC-0300,2026-02-07 12:00:00,Phishing,Ingeniería Social,192.168.1.27,5.8,Mitigado
INC-0301,2026-06-12 11:00:00,Inyección SQL (SQLi),Inyección,192.168.1.93,10.0,En Investigación
INC-0302,2026-04-02 06:00:00,Fuerza Bruta RDP,Acceso no Autorizado,192.168.1.102,8.9,Mitigado
INC-0303,2026-05-01 04:00:00,Phishing,Ingeniería Social,192.168.1.235,5.3,Mitigado
INC-0304,2026-06-01 02:00:00,Inyección SQL (SQLi),Inyección,192.168.1.230,9.1,En Investigación
INC-0305,2026-05-28 10:00:00,Denegación de Servicio (DDoS),Disponibilidad,192.168.1.245,5.7,Activo
INC-0306,2026-06-20 23:00:00,Phishing,Ingeniería Social,192.168.1.220,4.7,Activo
INC-0307,2026-01-21 13:00:00,Denegación de Servicio (DDoS),Disponibilidad,192.168.1.149,6.8,Mitigado
INC-0308,2026-06-18 03:00:00,Fuerza Bruta RDP,Acceso no Autorizado,192.168.1.235,9.2,Mitigado
INC-0309,2026-05-29 18:00:00,Phishing,Ingeniería Social,192.168.1.71,6.2,Activo
INC-0310,2026-03-28 14:00:00,Inyección SQL (SQLi),Inyección,192.168.1.124,9.2,Activo
INC-0311,2026-05-11 18:00:00,Denegación de Servicio (DDoS),Disponibilidad,192.168.1.124,5.0,En Investigación
INC-0312,2026-04-30 17:00:00,Fuerza Bruta RDP,Acceso no Autorizado,192.168.1.235,9.7,En Investigación
INC-0313,2026-04-04 05:00:00,Inyección SQL (SQLi),Inyección,192.168.1.93,8.4,Mitigado
INC-0314,2026-03-03 11:00:00,Inyección SQL (SQLi),Inyección,192.168.1.118,9.9,En Investigación
INC-0315,2026-01-17 19:00:00,Malware Infección,Software Malicioso,192.168.1.84,8.1,Mitigado
INC-0316,2026-04-02 02:00:00,Fuerza Bruta RDP,Acceso no Autorizado,192.168.1.220,9.4,Activo
INC-0317,2026-05-04 00:00:00,Inyección SQL (SQLi),Inyección,192.168.1.71,8.2,Activo
INC-0318,2026-01-06 14:00:00,Inyección SQL (SQLi),Inyección,192.168.1.220,9.8,Activo
INC-0319,2026-03-26 14:00:00,Fuerza Bruta RDP,Acceso no Autorizado,192.168.1.229,9.2,Activo
INC-0320,2026-05-14 20:00:00,Malware Infección,Software Malicioso,192.168.1.235,5.1,En Investigación
INC-0321,2026-04-12 09:00:00,Phishing,Ingeniería Social,192.168.1.149,5.7,Mitigado
INC-0322,2026-02-19 23:00:00,Malware Infección,Software Malicioso,192.168.1.171,7.5,En Investigación
INC-0323,2026-03-08 00:00:00,Fuerza Bruta RDP,Acceso no Autorizado,192.168.1.153,9.5,Activo
INC-0324,2026-03-02 18:00:00,Inyección SQL (SQLi),Inyección,192.168.1.220,9.0,Mitigado
INC-0325,2026-04-01 08:00:00,Fuerza Bruta RDP,Acceso no Autorizado,192.168.1.246,8.9,En Investigación
INC-0326,2026-06-15 03:00:00,Inyección SQL (SQLi),Inyección,192.168.1.149,9.2,Mitigado
INC-0327,2026-03-20 17:00:00,Inyección SQL (SQLi),Inyección,192.168.1.235,8.5,Activo
INC-0328,2026-06-10 02:00:00,Denegación de Servicio (DDoS),Disponibilidad,192.168.1.118,7.2,Activo
INC-0329,2026-04-13 10:00:00,Inyección SQL (SQLi),Inyección,192.168.1.242,8.4,En Investigación
INC-0330,2026-05-03 01:00:00,Malware Infección,Software Malicioso,192.168.1.153,5.9,Mitigado
INC-0331,2026-01-12 06:00:00,Denegación de Servicio (DDoS),Disponibilidad,192.168.1.87,5.4,Activo
INC-0332,2026-01-03 22:00:00,Fuerza Bruta RDP,Acceso no Autorizado,192.168.1.131,8.3,En Investigación
INC-0333,2026-03-03 10:00:00,Phishing,Ingeniería Social,192.168.1.171,4.4,Mitigado
INC-0334,2026-05-01 10:00:00,Denegación de Servicio (DDoS),Disponibilidad,192.168.1.124,7.4,Activo
INC-0335,2026-01-03 02:00:00,Phishing,Ingeniería Social,192.168.1.171,5.0,Activo
INC-0336,2026-05-22 12:00:00,Denegación de Servicio (DDoS),Disponibilidad,192.168.1.87,6.3,Activo
INC-0337,2026-06-26 18:00:00,Phishing,Ingeniería Social,192.168.1.93,4.7,Activo
INC-0338,2026-04-12 23:00:00,Denegación de Servicio (DDoS),Disponibilidad,192.168.1.129,6.1,Mitigado
INC-0339,2026-03-07 17:00:00,Phishing,Ingeniería Social,192.168.1.124,5.2,Activo
INC-0340,2026-01-16 19:00:00,Inyección SQL (SQLi),Inyección,192.168.1.71,8.9,Activo
INC-0341,2026-03-14 14:00:00,Phishing,Ingeniería Social,192.168.1.87,5.1,Activo
INC-0342,2026-02-24 16:00:00,Fuerza Bruta RDP,Acceso no Autorizado,192.168.1.27,8.4,Activo
INC-0343,2026-05-05 16:00:00,Fuerza Bruta RDP,Acceso no Autorizado,192.168.1.245,8.2,Mitigado
INC-0344,2026-02-10 12:00:00,Phishing,Ingeniería Social,192.168.1.171,4.0,En Investigación
INC-0345,2026-01-06 08:00:00,Fuerza Bruta RDP,Acceso no Autorizado,192.168.1.27,9.6,En Investigación
INC-0346,2026-02-04 09:00:00,Fuerza Bruta RDP,Acceso no Autorizado,192.168.1.129,7.9,Mitigado
INC-0347,2026-05-15 03:00:00,Malware Infección,Software Malicioso,192.168.1.245,6.6,Activo
INC-0348,2026-04-08 06:00:00,Fuerza Bruta RDP,Acceso no Autorizado,192.168.1.149,8.4,Mitigado
INC-0349,2026-06-30 22:00:00,Inyección SQL (SQLi),Inyección,192.168.1.87,9.4,Mitigado
INC-0350,2026-01-17 10:00:00,Malware Infección,Software Malicioso,192.168.1.230,7.5,Activo
INC-0351,2026-04-28 00:00:00,Denegación de Servicio (DDoS),Disponibilidad,192.168.1.153,7.5,En Investigación
INC-0352,2026-03-09 13:00:00,Phishing,Ingeniería Social,192.168.1.242,5.6,Mitigado
INC-0353,2026-04-02 05:00:00,Phishing,Ingeniería Social,192.168.1.246,5.6,Activo
INC-0354,2026-04-17 09:00:00,Inyección SQL (SQLi),Inyección,192.168.1.87,9.7,Mitigado
INC-0355,2026-03-02 14:00:00,Malware Infección,Software Malicioso,192.168.1.229,7.2,Mitigado
INC-0356,2026-02-26 13:00:00,Inyección SQL (SQLi),Inyección,192.168.1.153,9.5,Mitigado
INC-0357,2026-02-12 21:00:00,Fuerza Bruta RDP,Acceso no Autorizado,192.168.1.229,7.1,Mitigado
INC-0358,2026-02-28 05:00:00,Malware Infección,Software Malicioso,192.168.1.220,5.3,En Investigación
INC-0359,2026-01-21 12:00:00,Phishing,Ingeniería Social,192.168.1.118,5.9,Mitigado
INC-0360,2026-01-12 03:00:00,Phishing,Ingeniería Social,192.168.1.93,5.4,Mitigado
INC-0361,2026-01-04 09:00:00,Malware Infección,Software Malicioso,192.168.1.87,7.4,Mitigado
INC-0362,2026-01-04 06:00:00,Inyección SQL (SQLi),Inyección,192.168.1.230,9.0,Activo
INC-0363,2026-05-29 02:00:00,Fuerza Bruta RDP,Acceso no Autorizado,192.168.1.245,9.8,En Investigación
INC-0364,2026-02-03 19:00:00,Phishing,Ingeniería Social,192.168.1.84,5.9,Activo
INC-0365,2026-04-05 01:00:00,Inyección SQL (SQLi),Inyección,192.168.1.246,8.3,Activo
INC-0366,2026-02-03 06:00:00,Denegación de Servicio (DDoS),Disponibilidad,192.168.1.245,5.2,Activo
INC-0367,2026-04-13 16:00:00,Denegación de Servicio (DDoS),Disponibilidad,192.168.1.124,6.4,En Investigación
INC-0368,2026-03-12 18:00:00,Malware Infección,Software Malicioso,192.168.1.229,6.9,En Investigación
INC-0369,2026-02-17 15:00:00,Fuerza Bruta RDP,Acceso no Autorizado,192.168.1.153,7.8,Mitigado
INC-0370,2026-02-13 05:00:00,Malware Infección,Software Malicioso,192.168.1.235,7.3,Activo
INC-0371,2026-02-11 23:00:00,Fuerza Bruta RDP,Acceso no Autorizado,192.168.1.149,7.9,En Investigación
INC-0372,2026-05-23 02:00:00,Inyección SQL (SQLi),Inyección,192.168.1.149,8.7,Activo
INC-0373,2026-01-18 11:00:00,Phishing,Ingeniería Social,192.168.1.27,4.7,Mitigado
INC-0374,2026-01-19 23:00:00,Malware Infección,Software Malicioso,192.168.1.27,5.6,Activo
INC-0375,2026-04-10 12:00:00,Inyección SQL (SQLi),Inyección,192.168.1.118,8.7,En Investigación
INC-0376,2026-06-09 21:00:00,Malware Infección,Software Malicioso,192.168.1.149,8.4,En Investigación
INC-0377,2026-04-27 15:00:00,Denegación de Servicio (DDoS),Disponibilidad,192.168.1.235,6.0,Activo
INC-0378,2026-02-04 11:00:00,Inyección SQL (SQLi),Inyección,192.168.1.129,9.2,En Investigación
INC-0379,2026-03-24 13:00:00,Inyección SQL (SQLi),Inyección,192.168.1.102,9.6,Mitigado
INC-0380,2026-06-14 18:00:00,Inyección SQL (SQLi),Inyección,192.168.1.149,9.5,Activo
INC-0381,2026-06-20 09:00:00,Fuerza Bruta RDP,Acceso no Autorizado,192.168.1.242,9.5,Mitigado
INC-0382,2026-03-14 18:00:00,Denegación de Servicio (DDoS),Disponibilidad,192.168.1.149,7.0,En Investigación
INC-0383,2026-03-13 23:00:00,Malware Infección,Software Malicioso,192.168.1.131,6.5,Mitigado
INC-0384,2026-02-02 02:00:00,Denegación de Servicio (DDoS),Disponibilidad,192.168.1.242,7.1,En Investigación
INC-0385,2026-06-20 16:00:00,Malware Infección,Software Malicioso,192.168.1.220,7.8,Activo
INC-0386,2026-02-28 02:00:00,Fuerza Bruta RDP,Acceso no Autorizado,192.168.1.245,9.8,En Investigación
INC-0387,2026-03-14 06:00:00,Malware Infección,Software Malicioso,192.168.1.87,5.3,Mitigado
INC-0388,2026-05-26 00:00:00,Phishing,Ingeniería Social,192.168.1.71,5.1,Activo
INC-0389,2026-01-19 14:00:00,Inyección SQL (SQLi),Inyección,192.168.1.71,8.0,Mitigado
INC-0390,2026-02-12 07:00:00,Denegación de Servicio (DDoS),Disponibilidad,192.168.1.153,5.9,Mitigado
INC-0391,2026-03-19 13:00:00,Phishing,Ingeniería Social,192.168.1.87,4.6,Mitigado
INC-0392,2026-06-13 19:00:00,Denegación de Servicio (DDoS),Disponibilidad,192.168.1.131,5.1,En Investigación
INC-0393,2026-04-16 11:00:00,Denegación de Servicio (DDoS),Disponibilidad,192.168.1.242,6.0,Activo
INC-0394,2026-05-23 11:00:00,Inyección SQL (SQLi),Inyección,192.168.1.220,9.7,Activo
INC-0395,2026-03-23 13:00:00,Fuerza Bruta RDP,Acceso no Autorizado,192.168.1.230,7.6,Mitigado
INC-0396,2026-01-01 02:00:00,Fuerza Bruta RDP,Acceso no Autorizado,192.168.1.84,8.7,Activo
INC-0397,2026-01-07 09:00:00,Denegación de Servicio (DDoS),Disponibilidad,192.168.1.129,6.2,Activo
INC-0398,2026-05-25 01:00:00,Denegación de Servicio (DDoS),Disponibilidad,192.168.1.84,6.2,Mitigado
INC-0399,2026-01-05 18:00:00,Fuerza Bruta RDP,Acceso no Autorizado,192.168.1.131,8.5,Mitigado
INC-0400,2026-02-16 17:00:00,Inyección SQL (SQLi),Inyección,192.168.1.131,9.2,En Investigación
INC-0401,2026-03-12 09:00:00,Fuerza Bruta RDP,Acceso no Autorizado,192.168.1.245,9.1,Activo
INC-0402,2026-04-27 23:00:00,Phishing,Ingeniería Social,192.168.1.230,4.9,Mitigado
INC-0403,2026-01-05 05:00:00,Denegación de Servicio (DDoS),Disponibilidad,192.168.1.149,6.3,Mitigado
INC-0404,2026-06-20 20:00:00,Denegación de Servicio (DDoS),Disponibilidad,192.168.1.87,6.8,En Investigación
INC-0405,2026-05-13 22:00:00,Denegación de Servicio (DDoS),Disponibilidad,192.168.1.118,6.9,Mitigado
INC-0406,2026-06-02 02:00:00,Denegación de Servicio (DDoS),Disponibilidad,192.168.1.245,5.1,Activo
INC-0407,2026-06-24 14:00:00,Fuerza Bruta RDP,Acceso no Autorizado,192.168.1.87,7.3,Mitigado
INC-0408,2026-03-02 18:00:00,Phishing,Ingeniería Social,192.168.1.124,5.1,En Investigación
INC-0409,2026-05-21 01:00:00,Inyección SQL (SQLi),Inyección,192.168.1.242,9.2,Activo
INC-0410,2026-04-19 12:00:00,Inyección SQL (SQLi),Inyección,192.168.1.129,9.3,Mitigado
INC-0411,2026-05-08 09:00:00,Fuerza Bruta RDP,Acceso no Autorizado,192.168.1.220,7.2,En Investigación
INC-0412,2026-04-28 20:00:00,Malware Infección,Software Malicioso,192.168.1.93,7.2,Activo
INC-0413,2026-04-29 09:00:00,Malware Infección,Software Malicioso,192.168.1.71,6.4,Activo
INC-0414,2026-03-17 12:00:00,Inyección SQL (SQLi),Inyección,192.168.1.118,9.4,Mitigado
INC-0415,2026-04-02 23:00:00,Inyección SQL (SQLi),Inyección,192.168.1.93,9.8,En Investigación
INC-0416,2026-06-22 06:00:00,Phishing,Ingeniería Social,192.168.1.220,5.0,En Investigación
INC-0417,2026-01-24 18:00:00,Malware Infección,Software Malicioso,192.168.1.245,6.8,Mitigado
INC-0418,2026-03-09 19:00:00,Malware Infección,Software Malicioso,192.168.1.131,7.9,Activo
INC-0419,2026-04-08 07:00:00,Fuerza Bruta RDP,Acceso no Autorizado,192.168.1.220,7.5,Mitigado
INC-0420,2026-02-19 00:00:00,Inyección SQL (SQLi),Inyección,192.168.1.230,9.0,Activo
INC-0421,2026-05-14 16:00:00,Phishing,Ingeniería Social,192.168.1.131,6.2,Mitigado
INC-0422,2026-06-11 16:00:00,Malware Infección,Software Malicioso,192.168.1.118,5.8,Mitigado
INC-0423,2026-06-17 17:00:00,Phishing,Ingeniería Social,192.168.1.235,5.7,En Investigación
INC-0424,2026-01-22 12:00:00,Fuerza Bruta RDP,Acceso no Autorizado,192.168.1.171,9.6,En Investigación
INC-0425,2026-01-12 18:00:00,Phishing,Ingeniería Social,192.168.1.131,5.9,Activo
INC-0426,2026-02-05 19:00:00,Fuerza Bruta RDP,Acceso no Autorizado,192.168.1.131,9.3,En Investigación
INC-0427,2026-06-07 15:00:00,Inyección SQL (SQLi),Inyección,192.168.1.27,8.8,Mitigado
INC-0428,2026-05-18 17:00:00,Inyección SQL (SQLi),Inyección,192.168.1.102,8.6,En Investigación
INC-0429,2026-02-24 19:00:00,Inyección SQL (SQLi),Inyección,192.168.1.229,8.7,En Investigación
INC-0430,2026-03-28 19:00:00,Inyección SQL (SQLi),Inyección,192.168.1.102,8.9,En Investigación
INC-0431,2026-02-06 14:00:00,Malware Infección,Software Malicioso,192.168.1.220,6.2,En Investigación
INC-0432,2026-05-07 16:00:00,Fuerza Bruta RDP,Acceso no Autorizado,192.168.1.229,8.7,Mitigado
INC-0433,2026-01-13 06:00:00,Denegación de Servicio (DDoS),Disponibilidad,192.168.1.27,6.1,En Investigación
INC-0434,2026-06-12 08:00:00,Phishing,Ingeniería Social,192.168.1.246,5.9,En Investigación
INC-0435,2026-01-04 23:00:00,Fuerza Bruta RDP,Acceso no Autorizado,192.168.1.71,9.2,En Investigación
INC-0436,2026-06-28 03:00:00,Fuerza Bruta RDP,Acceso no Autorizado,192.168.1.93,8.6,Mitigado
INC-0437,2026-04-18 22:00:00,Denegación de Servicio (DDoS),Disponibilidad,192.168.1.149,7.0,Activo
INC-0438,2026-01-08 08:00:00,Denegación de Servicio (DDoS),Disponibilidad,192.168.1.246,6.5,Activo
INC-0439,2026-03-12 10:00:00,Malware Infección,Software Malicioso,192.168.1.84,8.2,En Investigación
INC-0440,2026-04-17 22:00:00,Phishing,Ingeniería Social,192.168.1.87,6.5,Mitigado
INC-0441,2026-04-28 18:00:00,Fuerza Bruta RDP,Acceso no Autorizado,192.168.1.230,8.6,En Investigación
INC-0442,2026-04-20 06:00:00,Phishing,Ingeniería Social,192.168.1.27,5.9,Activo
INC-0443,2026-01-01 17:00:00,Phishing,Ingeniería Social,192.168.1.220,6.0,Activo
INC-0444,2026-03-21 04:00:00,Inyección SQL (SQLi),Inyección,192.168.1.149,9.1,En Investigación
INC-0445,2026-04-01 07:00:00,Phishing,Ingeniería Social,192.168.1.245,4.1,Activo
INC-0446,2026-06-10 01:00:00,Malware Infección,Software Malicioso,192.168.1.230,8.4,Mitigado
INC-0447,2026-05-14 23:00:00,Phishing,Ingeniería Social,192.168.1.71,5.4,Mitigado
INC-0448,2026-02-19 02:00:00,Malware Infección,Software Malicioso,192.168.1.171,6.4,Mitigado
INC-0449,2026-02-27 07:00:00,Denegación de Servicio (DDoS),Disponibilidad,192.168.1.230,6.6,Mitigado
INC-0450,2026-03-02 19:00:00,Phishing,Ingeniería Social,192.168.1.129,6.4,En Investigación
INC-0451,2026-02-09 22:00:00,Fuerza Bruta RDP,Acceso no Autorizado,192.168.1.245,8.0,En Investigación
INC-0452,2026-04-16 04:00:00,Malware Infección,Software Malicioso,192.168.1.153,6.3,En Investigación
INC-0453,2026-02-04 15:00:00,Malware Infección,Software Malicioso,192.168.1.27,5.8,Mitigado
INC-0454,2026-04-19 05:00:00,Inyección SQL (SQLi),Inyección,192.168.1.235,8.4,Mitigado
INC-0455,2026-01-01 02:00:00,Fuerza Bruta RDP,Acceso no Autorizado,192.168.1.84,8.3,En Investigación
INC-0456,2026-01-04 03:00:00,Malware Infección,Software Malicioso,192.168.1.87,6.7,Mitigado
INC-0457,2026-03-25 14:00:00,Fuerza Bruta RDP,Acceso no Autorizado,192.168.1.84,7.4,En Investigación
INC-0458,2026-03-30 02:00:00,Phishing,Ingeniería Social,192.168.1.71,6.4,En Investigación
INC-0459,2026-06-16 19:00:00,Malware Infección,Software Malicioso,192.168.1.27,6.5,Activo
INC-0460,2026-05-03 04:00:00,Denegación de Servicio (DDoS),Disponibilidad,192.168.1.129,6.8,En Investigación
INC-0461,2026-01-14 23:00:00,Malware Infección,Software Malicioso,192.168.1.171,6.0,Activo
INC-0462,2026-04-04 15:00:00,Malware Infección,Software Malicioso,192.168.1.242,6.1,Activo
INC-0463,2026-06-01 11:00:00,Fuerza Bruta RDP,Acceso no Autorizado,192.168.1.230,8.9,Activo
INC-0464,2026-01-01 12:00:00,Fuerza Bruta RDP,Acceso no Autorizado,192.168.1.129,8.8,Mitigado
INC-0465,2026-05-23 19:00:00,Fuerza Bruta RDP,Acceso no Autorizado,192.168.1.118,9.2,En Investigación
INC-0466,2026-03-13 20:00:00,Denegación de Servicio (DDoS),Disponibilidad,192.168.1.242,5.6,Mitigado
INC-0467,2026-04-19 12:00:00,Phishing,Ingeniería Social,192.168.1.230,4.9,Mitigado
INC-0468,2026-06-21 14:00:00,Malware Infección,Software Malicioso,192.168.1.118,6.6,Activo
INC-0469,2026-05-13 02:00:00,Fuerza Bruta RDP,Acceso no Autorizado,192.168.1.129,7.8,Mitigado
INC-0470,2026-06-27 11:00:00,Inyección SQL (SQLi),Inyección,192.168.1.246,9.1,Activo
INC-0471,2026-05-03 18:00:00,Phishing,Ingeniería Social,192.168.1.245,6.1,Mitigado
INC-0472,2026-05-05 18:00:00,Malware Infección,Software Malicioso,192.168.1.129,7.9,Activo
INC-0473,2026-05-25 08:00:00,Inyección SQL (SQLi),Inyección,192.168.1.245,9.8,Activo
INC-0474,2026-04-19 21:00:00,Inyección SQL (SQLi),Inyección,192.168.1.229,9.7,Activo
INC-0475,2026-05-18 11:00:00,Denegación de Servicio (DDoS),Disponibilidad,192.168.1.118,5.6,Mitigado
INC-0476,2026-01-16 20:00:00,Fuerza Bruta RDP,Acceso no Autorizado,192.168.1.87,7.8,Activo
INC-0477,2026-06-29 10:00:00,Malware Infección,Software Malicioso,192.168.1.153,7.9,Mitigado
INC-0478,2026-05-22 07:00:00,Fuerza Bruta RDP,Acceso no Autorizado,192.168.1.124,8.1,Activo
INC-0479,2026-01-11 13:00:00,Fuerza Bruta RDP,Acceso no Autorizado,192.168.1.149,9.2,Mitigado
INC-0480,2026-02-05 08:00:00,Fuerza Bruta RDP,Acceso no Autorizado,192.168.1.129,9.7,Mitigado
INC-0481,2026-04-07 09:00:00,Fuerza Bruta RDP,Acceso no Autorizado,192.168.1.71,9.2,En Investigación
INC-0482,2026-06-24 02:00:00,Phishing,Ingeniería Social,192.168.1.84,5.6,En Investigación
INC-0483,2026-06-30 19:00:00,Phishing,Ingeniería Social,192.168.1.220,5.0,Mitigado
INC-0484,2026-04-14 01:00:00,Inyección SQL (SQLi),Inyección,192.168.1.131,9.9,En Investigación
INC-0485,2026-05-12 03:00:00,Malware Infección,Software Malicioso,192.168.1.84,6.3,Mitigado
INC-0486,2026-06-20 04:00:00,Phishing,Ingeniería Social,192.168.1.153,5.3,En Investigación
INC-0487,2026-01-08 08:00:00,Inyección SQL (SQLi),Inyección,192.168.1.220,8.5,En Investigación
INC-0488,2026-01-13 01:00:00,Denegación de Servicio (DDoS),Disponibilidad,192.168.1.102,7.2,Mitigado
INC-0489,2026-05-31 05:00:00,Denegación de Servicio (DDoS),Disponibilidad,192.168.1.235,7.4,Activo
INC-0490,2026-05-12 05:00:00,Phishing,Ingeniería Social,192.168.1.131,4.8,Activo
INC-0491,2026-02-28 19:00:00,Inyección SQL (SQLi),Inyección,192.168.1.229,8.1,Mitigado
INC-0492,2026-02-07 17:00:00,Fuerza Bruta RDP,Acceso no Autorizado,192.168.1.129,8.3,Activo
INC-0493,2026-03-27 15:00:00,Inyección SQL (SQLi),Inyección,192.168.1.71,8.9,Activo
INC-0494,2026-01-31 10:00:00,Denegación de Servicio (DDoS),Disponibilidad,192.168.1.230,7.0,En Investigación
INC-0495,2026-03-08 02:00:00,Inyección SQL (SQLi),Inyección,192.168.1.245,9.0,Mitigado
INC-0496,2026-04-07 17:00:00,Phishing,Ingeniería Social,192.168.1.149,5.5,Mitigado
INC-0497,2026-02-18 11:00:00,Fuerza Bruta RDP,Acceso no Autorizado,192.168.1.71,9.5,En Investigación
INC-0498,2026-01-06 14:00:00,Inyección SQL (SQLi),Inyección,192.168.1.230,9.8,Activo
INC-0499,2026-05-22 04:00:00,Malware Infección,Software Malicioso,192.168.1.149,6.5,Activo
INC-0500,2026-06-02 13:00:00,Phishing,Ingeniería Social,192.168.1.235,5.5,En Investigación
INC-0501,2026-06-09 06:00:00,Malware Infección,Software Malicioso,192.168.1.171,7.0,En Investigación
INC-0502,2026-06-01 11:00:00,Denegación de Servicio (DDoS),Disponibilidad,192.168.1.229,7.5,Activo
INC-0503,2026-04-03 03:00:00,Phishing,Ingeniería Social,192.168.1.84,5.2,En Investigación
INC-0504,2026-01-09 22:00:00,Denegación de Servicio (DDoS),Disponibilidad,192.168.1.153,7.0,En Investigación
INC-0505,2026-01-30 08:00:00,Malware Infección,Software Malicioso,192.168.1.118,7.2,Mitigado
INC-0506,2026-05-30 00:00:00,Denegación de Servicio (DDoS),Disponibilidad,192.168.1.220,5.7,Activo
INC-0507,2026-03-28 05:00:00,Phishing,Ingeniería Social,192.168.1.242,5.4,Mitigado
INC-0508,2026-05-02 20:00:00,Denegación de Servicio (DDoS),Disponibilidad,192.168.1.118,6.4,Activo
INC-0509,2026-02-07 04:00:00,Malware Infección,Software Malicioso,192.168.1.102,8.2,En Investigación
INC-0510,2026-03-22 13:00:00,Fuerza Bruta RDP,Acceso no Autorizado,192.168.1.242,8.3,Mitigado
INC-0511,2026-06-06 16:00:00,Phishing,Ingeniería Social,192.168.1.102,4.3,En Investigación
INC-0512,2026-04-19 00:00:00,Phishing,Ingeniería Social,192.168.1.129,4.3,En Investigación
INC-0513,2026-04-03 03:00:00,Phishing,Ingeniería Social,192.168.1.124,6.3,Activo
INC-0514,2026-06-29 09:00:00,Phishing,Ingeniería Social,192.168.1.102,4.3,En Investigación
INC-0515,2026-01-02 11:00:00,Inyección SQL (SQLi),Inyección,192.168.1.235,8.4,En Investigación
INC-0516,2026-02-26 07:00:00,Denegación de Servicio (DDoS),Disponibilidad,192.168.1.102,5.5,En Investigación
INC-0517,2026-03-20 23:00:00,Denegación de Servicio (DDoS),Disponibilidad,192.168.1.242,7.0,Activo
INC-0518,2026-01-07 20:00:00,Inyección SQL (SQLi),Inyección,192.168.1.84,8.2,En Investigación
INC-0519,2026-06-27 15:00:00,Phishing,Ingeniería Social,192.168.1.124,5.7,Mitigado
INC-0520,2026-02-02 11:00:00,Denegación de Servicio (DDoS),Disponibilidad,192.168.1.84,6.1,En Investigación
INC-0521,2026-04-16 11:00:00,Phishing,Ingeniería Social,192.168.1.102,5.3,Activo
INC-0522,2026-05-25 14:00:00,Inyección SQL (SQLi),Inyección,192.168.1.149,8.6,Mitigado
INC-0523,2026-06-07 22:00:00,Fuerza Bruta RDP,Acceso no Autorizado,192.168.1.131,8.1,Mitigado
INC-0524,2026-05-28 00:00:00,Denegación de Servicio (DDoS),Disponibilidad,192.168.1.93,5.9,En Investigación
INC-0525,2026-05-29 23:00:00,Phishing,Ingeniería Social,192.168.1.118,5.7,En Investigación
INC-0526,2026-04-18 17:00:00,Inyección SQL (SQLi),Inyección,192.168.1.235,8.0,Activo
INC-0527,2026-05-05 08:00:00,Inyección SQL (SQLi),Inyección,192.168.1.245,8.8,En Investigación
INC-0528,2026-05-17 21:00:00,Inyección SQL (SQLi),Inyección,192.168.1.93,9.4,Activo
INC-0529,2026-04-07 16:00:00,Malware Infección,Software Malicioso,192.168.1.124,7.9,Mitigado
INC-0530,2026-06-25 01:00:00,Fuerza Bruta RDP,Acceso no Autorizado,192.168.1.220,9.7,Mitigado
INC-0531,2026-05-25 15:00:00,Malware Infección,Software Malicioso,192.168.1.242,7.2,En Investigación
INC-0532,2026-05-02 13:00:00,Fuerza Bruta RDP,Acceso no Autorizado,192.168.1.124,7.4,Mitigado
INC-0533,2026-03-07 15:00:00,Malware Infección,Software Malicioso,192.168.1.87,5.5,Mitigado
INC-0534,2026-03-12 05:00:00,Malware Infección,Software Malicioso,192.168.1.171,6.8,Activo
INC-0535,2026-04-30 13:00:00,Malware Infección,Software Malicioso,192.168.1.220,7.8,En Investigación
INC-0536,2026-01-30 14:00:00,Denegación de Servicio (DDoS),Disponibilidad,192.168.1.149,5.1,En Investigación
INC-0537,2026-04-29 22:00:00,Phishing,Ingeniería Social,192.168.1.242,5.5,Activo
INC-0538,2026-06-03 21:00:00,Inyección SQL (SQLi),Inyección,192.168.1.242,9.4,Activo
INC-0539,2026-04-20 11:00:00,Fuerza Bruta RDP,Acceso no Autorizado,192.168.1.229,7.9,Mitigado
INC-0540,2026-06-29 15:00:00,Phishing,Ingeniería Social,192.168.1.245,4.3,En Investigación
INC-0541,2026-01-08 06:00:00,Fuerza Bruta RDP,Acceso no Autorizado,192.168.1.235,8.6,Activo
INC-0542,2026-04-09 02:00:00,Fuerza Bruta RDP,Acceso no Autorizado,192.168.1.87,7.5,En Investigación
INC-0543,2026-01-27 04:00:00,Denegación de Servicio (DDoS),Disponibilidad,192.168.1.242,6.1,Mitigado
INC-0544,2026-01-17 21:00:00,Fuerza Bruta RDP,Acceso no Autorizado,192.168.1.220,8.8,Activo
INC-0545,2026-02-16 10:00:00,Malware Infección,Software Malicioso,192.168.1.220,7.1,En Investigación
INC-0546,2026-06-29 10:00:00,Fuerza Bruta RDP,Acceso no Autorizado,192.168.1.27,7.1,En Investigación
INC-0547,2026-04-22 18:00:00,Fuerza Bruta RDP,Acceso no Autorizado,192.168.1.124,7.3,En Investigación
INC-0548,2026-05-23 19:00:00,Denegación de Servicio (DDoS),Disponibilidad,192.168.1.124,7.2,Mitigado
INC-0549,2026-05-23 07:00:00,Fuerza Bruta RDP,Acceso no Autorizado,192.168.1.124,8.8,Mitigado
INC-0550,2026-06-18 12:00:00,Phishing,Ingeniería Social,192.168.1.242,4.7,En Investigación
INC-0551,2026-06-12 21:00:00,Denegación de Servicio (DDoS),Disponibilidad,192.168.1.242,5.0,Mitigado
INC-0552,2026-02-03 19:00:00,Phishing,Ingeniería Social,192.168.1.131,5.7,Mitigado
INC-0553,2026-02-08 12:00:00,Phishing,Ingeniería Social,192.168.1.229,5.8,En Investigación
INC-0554,2026-02-15 22:00:00,Phishing,Ingeniería Social,192.168.1.229,4.0,Mitigado
INC-0555,2026-06-13 20:00:00,Fuerza Bruta RDP,Acceso no Autorizado,192.168.1.84,7.6,Activo
INC-0556,2026-01-13 16:00:00,Denegación de Servicio (DDoS),Disponibilidad,192.168.1.230,7.1,Activo
INC-0557,2026-03-04 10:00:00,Inyección SQL (SQLi),Inyección,192.168.1.246,8.9,Activo
INC-0558,2026-06-22 21:00:00,Phishing,Ingeniería Social,192.168.1.220,4.1,Activo
INC-0559,2026-04-06 03:00:00,Phishing,Ingeniería Social,192.168.1.153,4.3,Mitigado
INC-0560,2026-01-16 06:00:00,Malware Infección,Software Malicioso,192.168.1.118,5.9,Activo
INC-0561,2026-03-14 20:00:00,Malware Infección,Software Malicioso,192.168.1.118,7.9,Activo
INC-0562,2026-01-03 05:00:00,Inyección SQL (SQLi),Inyección,192.168.1.229,8.9,Activo
INC-0563,2026-02-20 13:00:00,Malware Infección,Software Malicioso,192.168.1.93,6.4,Mitigado
INC-0564,2026-05-11 16:00:00,Denegación de Servicio (DDoS),Disponibilidad,192.168.1.246,5.3,Mitigado
INC-0565,2026-05-02 16:00:00,Denegación de Servicio (DDoS),Disponibilidad,192.168.1.230,6.0,Activo
INC-0566,2026-06-03 13:00:00,Malware Infección,Software Malicioso,192.168.1.71,6.8,Mitigado
INC-0567,2026-02-14 10:00:00,Malware Infección,Software Malicioso,192.168.1.245,8.0,Mitigado
INC-0568,2026-06-21 23:00:00,Fuerza Bruta RDP,Acceso no Autorizado,192.168.1.129,8.7,Mitigado
INC-0569,2026-03-01 13:00:00,Phishing,Ingeniería Social,192.168.1.87,6.2,En Investigación
INC-0570,2026-03-28 03:00:00,Phishing,Ingeniería Social,192.168.1.229,5.3,Mitigado
INC-0571,2026-05-11 05:00:00,Malware Infección,Software Malicioso,192.168.1.84,5.5,Mitigado
INC-0572,2026-04-16 18:00:00,Denegación de Servicio (DDoS),Disponibilidad,192.168.1.153,6.7,En Investigación
INC-0573,2026-01-27 11:00:00,Denegación de Servicio (DDoS),Disponibilidad,192.168.1.27,5.7,En Investigación
INC-0574,2026-01-21 23:00:00,Malware Infección,Software Malicioso,192.168.1.246,7.0,Activo
INC-0575,2026-04-14 04:00:00,Denegación de Servicio (DDoS),Disponibilidad,192.168.1.84,5.3,Mitigado
INC-0576,2026-04-18 08:00:00,Malware Infección,Software Malicioso,192.168.1.93,8.1,Mitigado
INC-0577,2026-03-21 21:00:00,Denegación de Servicio (DDoS),Disponibilidad,192.168.1.149,5.5,Mitigado
INC-0578,2026-06-01 10:00:00,Inyección SQL (SQLi),Inyección,192.168.1.27,8.3,Activo
INC-0579,2026-01-16 08:00:00,Inyección SQL (SQLi),Inyección,192.168.1.153,8.0,En Investigación
INC-0580,2026-05-16 12:00:00,Phishing,Ingeniería Social,192.168.1.153,5.6,Mitigado
INC-0581,2026-04-12 16:00:00,Denegación de Servicio (DDoS),Disponibilidad,192.168.1.230,6.4,Mitigado
INC-0582,2026-06-08 01:00:00,Fuerza Bruta RDP,Acceso no Autorizado,192.168.1.242,8.3,Mitigado
INC-0583,2026-03-05 03:00:00,Phishing,Ingeniería Social,192.168.1.230,4.3,Mitigado
INC-0584,2026-05-24 11:00:00,Fuerza Bruta RDP,Acceso no Autorizado,192.168.1.129,9.1,Mitigado
INC-0585,2026-01-25 21:00:00,Fuerza Bruta RDP,Acceso no Autorizado,192.168.1.129,7.0,Mitigado
INC-0586,2026-04-13 12:00:00,Inyección SQL (SQLi),Inyección,192.168.1.84,8.8,Activo
INC-0587,2026-04-21 11:00:00,Phishing,Ingeniería Social,192.168.1.229,6.4,En Investigación
INC-0588,2026-02-21 04:00:00,Denegación de Servicio (DDoS),Disponibilidad,192.168.1.131,5.5,Activo
INC-0589,2026-04-09 12:00:00,Phishing,Ingeniería Social,192.168.1.131,4.4,Mitigado
INC-0590,2026-01-07 21:00:00,Malware Infección,Software Malicioso,192.168.1.229,6.7,Activo
INC-0591,2026-02-21 02:00:00,Fuerza Bruta RDP,Acceso no Autorizado,192.168.1.153,7.9,En Investigación
INC-0592,2026-05-27 15:00:00,Phishing,Ingeniería Social,192.168.1.242,5.5,Mitigado
INC-0593,2026-02-11 10:00:00,Phishing,Ingeniería Social,192.168.1.87,5.1,Activo
INC-0594,2026-03-04 22:00:00,Inyección SQL (SQLi),Inyección,192.168.1.242,9.9,Mitigado
INC-0595,2026-03-23 02:00:00,Fuerza Bruta RDP,Acceso no Autorizado,192.168.1.131,7.7,En Investigación
INC-0596,2026-04-17 07:00:00,Malware Infección,Software Malicioso,192.168.1.246,6.2,En Investigación
INC-0597,2026-02-18 03:00:00,Phishing,Ingeniería Social,192.168.1.229,4.5,En Investigación
INC-0598,2026-04-04 18:00:00,Inyección SQL (SQLi),Inyección,192.168.1.124,8.6,En Investigación
INC-0599,2026-02-09 13:00:00,Inyección SQL (SQLi),Inyección,192.168.1.84,8.3,En Investigación
INC-0600,2026-05-10 16:00:00,Denegación de Servicio (DDoS),Disponibilidad,192.168.1.87,5.8,Activo
INC-0601,2026-02-28 16:00:00,Phishing,Ingeniería Social,192.168.1.246,5.2,Activo
INC-0602,2026-06-19 01:00:00,Phishing,Ingeniería Social,192.168.1.149,5.5,En Investigación
INC-0603,2026-02-22 17:00:00,Denegación de Servicio (DDoS),Disponibilidad,192.168.1.93,5.6,Activo
INC-0604,2026-03-07 00:00:00,Malware Infección,Software Malicioso,192.168.1.235,8.3,En Investigación
INC-0605,2026-04-11 04:00:00,Malware Infección,Software Malicioso,192.168.1.230,5.9,Mitigado
INC-0606,2026-05-11 07:00:00,Denegación de Servicio (DDoS),Disponibilidad,192.168.1.149,6.5,Activo
INC-0607,2026-02-15 23:00:00,Phishing,Ingeniería Social,192.168.1.245,6.3,Activo
INC-0608,2026-03-29 11:00:00,Phishing,Ingeniería Social,192.168.1.84,5.0,Activo
INC-0609,2026-06-27 04:00:00,Inyección SQL (SQLi),Inyección,192.168.1.27,9.7,Mitigado
INC-0610,2026-01-17 21:00:00,Inyección SQL (SQLi),Inyección,192.168.1.242,8.3,Mitigado
INC-0611,2026-06-07 19:00:00,Malware Infección,Software Malicioso,192.168.1.102,5.7,Activo
INC-0612,2026-01-04 09:00:00,Fuerza Bruta RDP,Acceso no Autorizado,192.168.1.129,7.5,En Investigación
INC-0613,2026-03-28 22:00:00,Fuerza Bruta RDP,Acceso no Autorizado,192.168.1.129,9.2,En Investigación
INC-0614,2026-01-15 05:00:00,Denegación de Servicio (DDoS),Disponibilidad,192.168.1.220,5.8,Activo
INC-0615,2026-02-02 14:00:00,Denegación de Servicio (DDoS),Disponibilidad,192.168.1.246,6.7,Mitigado
INC-0616,2026-06-25 04:00:00,Fuerza Bruta RDP,Acceso no Autorizado,192.168.1.242,7.4,Mitigado
INC-0617,2026-02-18 07:00:00,Inyección SQL (SQLi),Inyección,192.168.1.220,9.2,Activo
INC-0618,2026-06-08 12:00:00,Phishing,Ingeniería Social,192.168.1.27,4.7,Activo
INC-0619,2026-01-31 15:00:00,Fuerza Bruta RDP,Acceso no Autorizado,192.168.1.129,9.8,En Investigación
INC-0620,2026-06-12 23:00:00,Denegación de Servicio (DDoS),Disponibilidad,192.168.1.87,5.9,Activo
INC-0621,2026-03-22 00:00:00,Phishing,Ingeniería Social,192.168.1.229,5.3,Mitigado
INC-0622,2026-02-06 22:00:00,Fuerza Bruta RDP,Acceso no Autorizado,192.168.1.84,8.2,Activo
INC-0623,2026-03-09 01:00:00,Malware Infección,Software Malicioso,192.168.1.84,7.1,Mitigado
INC-0624,2026-04-12 15:00:00,Malware Infección,Software Malicioso,192.168.1.245,6.0,Activo
INC-0625,2026-04-26 08:00:00,Fuerza Bruta RDP,Acceso no Autorizado,192.168.1.71,7.6,En Investigación
INC-0626,2026-03-17 10:00:00,Denegación de Servicio (DDoS),Disponibilidad,192.168.1.153,6.2,Activo
INC-0627,2026-03-05 05:00:00,Inyección SQL (SQLi),Inyección,192.168.1.245,8.2,En Investigación
INC-0628,2026-03-12 22:00:00,Inyección SQL (SQLi),Inyección,192.168.1.230,8.6,En Investigación
INC-0629,2026-02-20 23:00:00,Inyección SQL (SQLi),Inyección,192.168.1.220,8.3,Mitigado
INC-0630,2026-05-15 16:00:00,Inyección SQL (SQLi),Inyección,192.168.1.71,9.7,Mitigado
INC-0631,2026-05-29 17:00:00,Phishing,Ingeniería Social,192.168.1.124,6.0,En Investigación
INC-0632,2026-05-07 19:00:00,Fuerza Bruta RDP,Acceso no Autorizado,192.168.1.153,7.2,Activo
INC-0633,2026-01-23 07:00:00,Denegación de Servicio (DDoS),Disponibilidad,192.168.1.149,5.1,Mitigado
INC-0634,2026-06-01 09:00:00,Denegación de Servicio (DDoS),Disponibilidad,192.168.1.87,5.7,Mitigado
INC-0635,2026-04-27 04:00:00,Phishing,Ingeniería Social,192.168.1.245,4.9,Mitigado
INC-0636,2026-01-11 02:00:00,Fuerza Bruta RDP,Acceso no Autorizado,192.168.1.131,9.6,En Investigación
INC-0637,2026-03-22 12:00:00,Fuerza Bruta RDP,Acceso no Autorizado,192.168.1.149,7.5,En Investigación
INC-0638,2026-04-09 04:00:00,Inyección SQL (SQLi),Inyección,192.168.1.93,8.3,En Investigación
INC-0639,2026-02-19 19:00:00,Denegación de Servicio (DDoS),Disponibilidad,192.168.1.229,5.7,Mitigado
INC-0640,2026-03-13 05:00:00,Malware Infección,Software Malicioso,192.168.1.102,6.3,Mitigado
INC-0641,2026-04-07 16:00:00,Denegación de Servicio (DDoS),Disponibilidad,192.168.1.153,6.7,En Investigación
INC-0642,2026-06-30 15:00:00,Phishing,Ingeniería Social,192.168.1.84,5.2,En Investigación
INC-0643,2026-03-31 20:00:00,Phishing,Ingeniería Social,192.168.1.246,5.6,Mitigado
INC-0644,2026-05-13 01:00:00,Phishing,Ingeniería Social,192.168.1.124,6.4,Activo
INC-0645,2026-03-04 20:00:00,Denegación de Servicio (DDoS),Disponibilidad,192.168.1.246,5.3,En Investigación
INC-0646,2026-03-28 17:00:00,Inyección SQL (SQLi),Inyección,192.168.1.129,9.0,Activo
INC-0647,2026-05-31 06:00:00,Fuerza Bruta RDP,Acceso no Autorizado,192.168.1.220,7.8,Activo
INC-0648,2026-06-16 00:00:00,Phishing,Ingeniería Social,192.168.1.27,4.5,Mitigado
INC-0649,2026-05-23 02:00:00,Malware Infección,Software Malicioso,192.168.1.87,7.3,En Investigación
INC-0650,2026-03-13 02:00:00,Malware Infección,Software Malicioso,192.168.1.87,7.6,Mitigado
INC-0651,2026-04-14 06:00:00,Phishing,Ingeniería Social,192.168.1.124,4.4,Activo
INC-0652,2026-03-01 17:00:00,Inyección SQL (SQLi),Inyección,192.168.1.84,9.1,Activo
INC-0653,2026-06-14 10:00:00,Inyección SQL (SQLi),Inyección,192.168.1.149,9.3,Mitigado
INC-0654,2026-03-06 10:00:00,Phishing,Ingeniería Social,192.168.1.124,4.6,En Investigación
INC-0655,2026-04-29 22:00:00,Denegación de Servicio (DDoS),Disponibilidad,192.168.1.220,6.0,En Investigación
INC-0656,2026-01-23 15:00:00,Fuerza Bruta RDP,Acceso no Autorizado,192.168.1.245,7.5,En Investigación
INC-0657,2026-04-27 20:00:00,Phishing,Ingeniería Social,192.168.1.27,5.6,Activo
INC-0658,2026-06-29 08:00:00,Denegación de Servicio (DDoS),Disponibilidad,192.168.1.27,6.9,En Investigación
INC-0659,2026-01-25 11:00:00,Inyección SQL (SQLi),Inyección,192.168.1.71,9.0,En Investigación
INC-0660,2026-02-17 01:00:00,Fuerza Bruta RDP,Acceso no Autorizado,192.168.1.230,8.3,Mitigado
INC-0661,2026-05-20 19:00:00,Inyección SQL (SQLi),Inyección,192.168.1.245,8.9,En Investigación
INC-0662,2026-01-20 01:00:00,Phishing,Ingeniería Social,192.168.1.235,4.4,Mitigado
INC-0663,2026-01-15 06:00:00,Phishing,Ingeniería Social,192.168.1.129,5.9,Activo
INC-0664,2026-02-25 14:00:00,Denegación de Servicio (DDoS),Disponibilidad,192.168.1.131,7.0,Activo
INC-0665,2026-03-02 08:00:00,Phishing,Ingeniería Social,192.168.1.245,4.2,En Investigación
INC-0666,2026-06-10 20:00:00,Inyección SQL (SQLi),Inyección,192.168.1.245,9.4,Mitigado
INC-0667,2026-01-15 12:00:00,Phishing,Ingeniería Social,192.168.1.102,4.5,Activo
INC-0668,2026-02-25 23:00:00,Fuerza Bruta RDP,Acceso no Autorizado,192.168.1.71,9.4,Mitigado
INC-0669,2026-02-20 12:00:00,Denegación de Servicio (DDoS),Disponibilidad,192.168.1.71,6.7,Activo
INC-0670,2026-03-10 21:00:00,Phishing,Ingeniería Social,192.168.1.118,4.7,Activo
INC-0671,2026-03-07 06:00:00,Fuerza Bruta RDP,Acceso no Autorizado,192.168.1.246,9.4,En Investigación
INC-0672,2026-06-20 12:00:00,Denegación de Servicio (DDoS),Disponibilidad,192.168.1.87,6.4,Mitigado
INC-0673,2026-04-20 22:00:00,Malware Infección,Software Malicioso,192.168.1.246,7.9,Mitigado
INC-0674,2026-05-25 06:00:00,Fuerza Bruta RDP,Acceso no Autorizado,192.168.1.84,7.9,En Investigación
INC-0675,2026-05-11 07:00:00,Phishing,Ingeniería Social,192.168.1.153,6.0,En Investigación
INC-0676,2026-05-27 04:00:00,Denegación de Servicio (DDoS),Disponibilidad,192.168.1.27,5.0,En Investigación
INC-0677,2026-01-08 01:00:00,Fuerza Bruta RDP,Acceso no Autorizado,192.168.1.129,9.3,Mitigado
INC-0678,2026-06-15 07:00:00,Denegación de Servicio (DDoS),Disponibilidad,192.168.1.246,6.7,En Investigación
INC-0679,2026-01-06 09:00:00,Denegación de Servicio (DDoS),Disponibilidad,192.168.1.93,5.4,Mitigado
INC-0680,2026-03-15 02:00:00,Malware Infección,Software Malicioso,192.168.1.71,7.1,Mitigado
INC-0681,2026-05-03 00:00:00,Phishing,Ingeniería Social,192.168.1.230,4.1,Mitigado
INC-0682,2026-02-28 14:00:00,Inyección SQL (SQLi),Inyección,192.168.1.153,9.6,Mitigado
INC-0683,2026-05-12 04:00:00,Denegación de Servicio (DDoS),Disponibilidad,192.168.1.171,7.5,Mitigado
INC-0684,2026-04-17 09:00:00,Fuerza Bruta RDP,Acceso no Autorizado,192.168.1.124,9.0,En Investigación
INC-0685,2026-03-18 01:00:00,Inyección SQL (SQLi),Inyección,192.168.1.27,8.0,Mitigado
INC-0686,2026-03-30 07:00:00,Phishing,Ingeniería Social,192.168.1.84,4.8,En Investigación
INC-0687,2026-01-25 19:00:00,Inyección SQL (SQLi),Inyección,192.168.1.153,9.2,En Investigación
INC-0688,2026-01-10 11:00:00,Phishing,Ingeniería Social,192.168.1.71,5.2,Activo
INC-0689,2026-01-29 18:00:00,Phishing,Ingeniería Social,192.168.1.153,5.3,En Investigación
INC-0690,2026-03-25 04:00:00,Inyección SQL (SQLi),Inyección,192.168.1.118,9.9,Mitigado
INC-0691,2026-04-26 00:00:00,Inyección SQL (SQLi),Inyección,192.168.1.220,10.0,Mitigado
INC-0692,2026-05-26 17:00:00,Fuerza Bruta RDP,Acceso no Autorizado,192.168.1.131,7.6,En Investigación
INC-0693,2026-04-02 22:00:00,Fuerza Bruta RDP,Acceso no Autorizado,192.168.1.220,7.2,Mitigado
INC-0694,2026-06-12 17:00:00,Inyección SQL (SQLi),Inyección,192.168.1.102,8.1,En Investigación
INC-0695,2026-01-23 16:00:00,Fuerza Bruta RDP,Acceso no Autorizado,192.168.1.84,9.2,Mitigado
INC-0696,2026-01-21 18:00:00,Malware Infección,Software Malicioso,192.168.1.27,6.1,Activo
INC-0697,2026-03-13 16:00:00,Denegación de Servicio (DDoS),Disponibilidad,192.168.1.71,6.7,En Investigación
INC-0698,2026-04-04 08:00:00,Fuerza Bruta RDP,Acceso no Autorizado,192.168.1.245,9.1,Activo
INC-0699,2026-06-16 11:00:00,Fuerza Bruta RDP,Acceso no Autorizado,192.168.1.124,9.6,En Investigación
INC-0700,2026-01-17 12:00:00,Fuerza Bruta RDP,Acceso no Autorizado,192.168.1.118,9.0,Activo
INC-0701,2026-01-19 15:00:00,Inyección SQL (SQLi),Inyección,192.168.1.129,8.7,Activo
INC-0702,2026-03-06 13:00:00,Fuerza Bruta RDP,Acceso no Autorizado,192.168.1.93,7.3,En Investigación
INC-0703,2026-06-19 07:00:00,Denegación de Servicio (DDoS),Disponibilidad,192.168.1.87,7.0,Mitigado
INC-0704,2026-05-23 15:00:00,Inyección SQL (SQLi),Inyección,192.168.1.230,8.8,En Investigación
INC-0705,2026-03-14 12:00:00,Fuerza Bruta RDP,Acceso no Autorizado,192.168.1.229,9.1,Activo
INC-0706,2026-04-07 18:00:00,Malware Infección,Software Malicioso,192.168.1.229,5.6,Activo
INC-0707,2026-03-08 08:00:00,Fuerza Bruta RDP,Acceso no Autorizado,192.168.1.153,9.5,Activo
INC-0708,2026-01-16 00:00:00,Malware Infección,Software Malicioso,192.168.1.124,6.6,Activo
INC-0709,2026-04-03 09:00:00,Inyección SQL (SQLi),Inyección,192.168.1.153,9.4,En Investigación
INC-0710,2026-03-23 06:00:00,Phishing,Ingeniería Social,192.168.1.149,5.2,En Investigación
INC-0711,2026-04-02 03:00:00,Malware Infección,Software Malicioso,192.168.1.84,8.0,Activo
INC-0712,2026-04-26 16:00:00,Inyección SQL (SQLi),Inyección,192.168.1.149,8.4,En Investigación
INC-0713,2026-02-06 04:00:00,Fuerza Bruta RDP,Acceso no Autorizado,192.168.1.220,8.5,Activo
INC-0714,2026-02-20 11:00:00,Inyección SQL (SQLi),Inyección,192.168.1.71,9.1,En Investigación
INC-0715,2026-03-10 22:00:00,Phishing,Ingeniería Social,192.168.1.149,5.6,Mitigado
INC-0716,2026-06-08 00:00:00,Denegación de Servicio (DDoS),Disponibilidad,192.168.1.229,7.3,En Investigación
INC-0717,2026-06-27 22:00:00,Fuerza Bruta RDP,Acceso no Autorizado,192.168.1.229,9.3,Mitigado
INC-0718,2026-02-05 23:00:00,Denegación de Servicio (DDoS),Disponibilidad,192.168.1.71,5.4,Activo
INC-0719,2026-03-10 21:00:00,Fuerza Bruta RDP,Acceso no Autorizado,192.168.1.230,8.6,Activo
INC-0720,2026-05-12 03:00:00,Denegación de Servicio (DDoS),Disponibilidad,192.168.1.246,7.4,Mitigado
INC-0721,2026-06-15 12:00:00,Inyección SQL (SQLi),Inyección,192.168.1.129,9.7,Activo
INC-0722,2026-06-15 20:00:00,Fuerza Bruta RDP,Acceso no Autorizado,192.168.1.27,8.7,Mitigado
INC-0723,2026-02-12 13:00:00,Inyección SQL (SQLi),Inyección,192.168.1.93,9.6,Activo
INC-0724,2026-06-26 23:00:00,Denegación de Servicio (DDoS),Disponibilidad,192.168.1.27,5.7,Activo
INC-0725,2026-04-27 19:00:00,Phishing,Ingeniería Social,192.168.1.171,6.5,En Investigación
INC-0726,2026-01-13 01:00:00,Phishing,Ingeniería Social,192.168.1.242,4.5,Mitigado
INC-0727,2026-06-20 08:00:00,Phishing,Ingeniería Social,192.168.1.71,6.3,Activo
INC-0728,2026-02-10 01:00:00,Denegación de Servicio (DDoS),Disponibilidad,192.168.1.171,7.0,Mitigado
INC-0729,2026-06-08 00:00:00,Denegación de Servicio (DDoS),Disponibilidad,192.168.1.129,5.7,En Investigación
INC-0730,2026-05-31 00:00:00,Malware Infección,Software Malicioso,192.168.1.229,6.6,En Investigación
INC-0731,2026-06-22 22:00:00,Malware Infección,Software Malicioso,192.168.1.149,8.1,Mitigado
INC-0732,2026-01-30 17:00:00,Denegación de Servicio (DDoS),Disponibilidad,192.168.1.129,6.2,Activo
INC-0733,2026-02-15 14:00:00,Malware Infección,Software Malicioso,192.168.1.149,7.9,Activo
INC-0734,2026-04-29 09:00:00,Inyección SQL (SQLi),Inyección,192.168.1.27,9.0,En Investigación
INC-0735,2026-04-30 16:00:00,Fuerza Bruta RDP,Acceso no Autorizado,192.168.1.242,9.6,En Investigación
INC-0736,2026-05-26 02:00:00,Fuerza Bruta RDP,Acceso no Autorizado,192.168.1.84,7.7,Mitigado
INC-0737,2026-01-25 01:00:00,Denegación de Servicio (DDoS),Disponibilidad,192.168.1.131,5.6,En Investigación
INC-0738,2026-04-18 18:00:00,Denegación de Servicio (DDoS),Disponibilidad,192.168.1.102,6.5,Activo
INC-0739,2026-05-25 02:00:00,Fuerza Bruta RDP,Acceso no Autorizado,192.168.1.102,7.2,En Investigación
INC-0740,2026-02-24 06:00:00,Phishing,Ingeniería Social,192.168.1.87,4.7,En Investigación
INC-0741,2026-06-21 15:00:00,Denegación de Servicio (DDoS),Disponibilidad,192.168.1.246,7.0,Activo
INC-0742,2026-03-09 00:00:00,Denegación de Servicio (DDoS),Disponibilidad,192.168.1.27,5.9,Activo
INC-0743,2026-04-21 09:00:00,Phishing,Ingeniería Social,192.168.1.153,5.4,Mitigado
INC-0744,2026-02-04 16:00:00,Malware Infección,Software Malicioso,192.168.1.242,6.6,En Investigación
INC-0745,2026-01-27 07:00:00,Fuerza Bruta RDP,Acceso no Autorizado,192.168.1.71,7.3,En Investigación
INC-0746,2026-02-24 13:00:00,Denegación de Servicio (DDoS),Disponibilidad,192.168.1.102,5.1,Mitigado
INC-0747,2026-06-07 14:00:00,Fuerza Bruta RDP,Acceso no Autorizado,192.168.1.131,7.9,Activo
INC-0748,2026-05-25 17:00:00,Malware Infección,Software Malicioso,192.168.1.93,7.1,Mitigado
INC-0749,2026-05-29 19:00:00,Fuerza Bruta RDP,Acceso no Autorizado,192.168.1.229,9.7,Activo
INC-0750,2026-02-03 06:00:00,Inyección SQL (SQLi),Inyección,192.168.1.220,10.0,Mitigado
INC-0751,2026-02-18 10:00:00,Fuerza Bruta RDP,Acceso no Autorizado,192.168.1.71,8.0,Activo
INC-0752,2026-06-07 18:00:00,Fuerza Bruta RDP,Acceso no Autorizado,192.168.1.230,8.9,En Investigación
INC-0753,2026-04-23 15:00:00,Fuerza Bruta RDP,Acceso no Autorizado,192.168.1.171,9.2,Activo
INC-0754,2026-06-13 23:00:00,Malware Infección,Software Malicioso,192.168.1.102,5.8,Mitigado
INC-0755,2026-03-02 02:00:00,Inyección SQL (SQLi),Inyección,192.168.1.129,9.3,En Investigación
INC-0756,2026-02-13 15:00:00,Phishing,Ingeniería Social,192.168.1.102,6.2,Mitigado
INC-0757,2026-02-21 17:00:00,Fuerza Bruta RDP,Acceso no Autorizado,192.168.1.230,8.0,Activo
INC-0758,2026-02-25 22:00:00,Fuerza Bruta RDP,Acceso no Autorizado,192.168.1.245,9.0,En Investigación
INC-0759,2026-06-15 22:00:00,Fuerza Bruta RDP,Acceso no Autorizado,192.168.1.245,7.4,En Investigación
INC-0760,2026-02-05 12:00:00,Malware Infección,Software Malicioso,192.168.1.149,8.0,Mitigado
INC-0761,2026-03-25 23:00:00,Phishing,Ingeniería Social,192.168.1.129,4.6,Activo
INC-0762,2026-05-23 19:00:00,Denegación de Servicio (DDoS),Disponibilidad,192.168.1.84,5.9,Mitigado
INC-0763,2026-01-02 20:00:00,Inyección SQL (SQLi),Inyección,192.168.1.246,9.6,En Investigación
INC-0764,2026-04-05 00:00:00,Fuerza Bruta RDP,Acceso no Autorizado,192.168.1.153,9.4,En Investigación
INC-0765,2026-05-01 04:00:00,Inyección SQL (SQLi),Inyección,192.168.1.93,9.7,En Investigación
INC-0766,2026-03-06 16:00:00,Fuerza Bruta RDP,Acceso no Autorizado,192.168.1.171,8.6,En Investigación
INC-0767,2026-01-27 03:00:00,Inyección SQL (SQLi),Inyección,192.168.1.102,8.8,En Investigación
INC-0768,2026-01-10 19:00:00,Phishing,Ingeniería Social,192.168.1.27,5.9,Activo
INC-0769,2026-04-27 05:00:00,Malware Infección,Software Malicioso,192.168.1.84,6.4,Activo
INC-0770,2026-05-17 11:00:00,Fuerza Bruta RDP,Acceso no Autorizado,192.168.1.229,9.3,Mitigado
INC-0771,2026-01-04 22:00:00,Denegación de Servicio (DDoS),Disponibilidad,192.168.1.229,7.0,Mitigado
INC-0772,2026-06-15 20:00:00,Fuerza Bruta RDP,Acceso no Autorizado,192.168.1.124,7.9,Mitigado
INC-0773,2026-04-16 12:00:00,Fuerza Bruta RDP,Acceso no Autorizado,192.168.1.153,8.9,En Investigación
INC-0774,2026-03-22 15:00:00,Fuerza Bruta RDP,Acceso no Autorizado,192.168.1.245,7.6,Mitigado
INC-0775,2026-04-09 20:00:00,Phishing,Ingeniería Social,192.168.1.230,6.2,Mitigado
INC-0776,2026-01-12 01:00:00,Denegación de Servicio (DDoS),Disponibilidad,192.168.1.153,6.8,Activo
INC-0777,2026-04-03 13:00:00,Denegación de Servicio (DDoS),Disponibilidad,192.168.1.235,6.6,Mitigado
INC-0778,2026-06-17 07:00:00,Fuerza Bruta RDP,Acceso no Autorizado,192.168.1.131,7.1,Activo
INC-0779,2026-02-03 17:00:00,Fuerza Bruta RDP,Acceso no Autorizado,192.168.1.71,8.3,Mitigado
INC-0780,2026-06-12 15:00:00,Inyección SQL (SQLi),Inyección,192.168.1.242,8.6,Mitigado
INC-0781,2026-01-10 16:00:00,Malware Infección,Software Malicioso,192.168.1.124,6.9,En Investigación
INC-0782,2026-01-11 19:00:00,Denegación de Servicio (DDoS),Disponibilidad,192.168.1.93,6.5,Activo
INC-0783,2026-03-18 23:00:00,Inyección SQL (SQLi),Inyección,192.168.1.153,9.5,Mitigado
INC-0784,2026-05-07 06:00:00,Phishing,Ingeniería Social,192.168.1.230,4.3,Mitigado
INC-0785,2026-04-19 01:00:00,Inyección SQL (SQLi),Inyección,192.168.1.220,9.3,Mitigado
INC-0786,2026-05-12 04:00:00,Denegación de Servicio (DDoS),Disponibilidad,192.168.1.220,6.4,Activo
INC-0787,2026-03-23 20:00:00,Malware Infección,Software Malicioso,192.168.1.220,7.9,En Investigación
INC-0788,2026-03-19 01:00:00,Denegación de Servicio (DDoS),Disponibilidad,192.168.1.220,5.4,Mitigado
INC-0789,2026-02-09 01:00:00,Fuerza Bruta RDP,Acceso no Autorizado,192.168.1.230,9.3,Activo
INC-0790,2026-03-14 11:00:00,Phishing,Ingeniería Social,192.168.1.235,4.7,Activo
INC-0791,2026-01-13 16:00:00,Phishing,Ingeniería Social,192.168.1.118,5.8,Mitigado
INC-0792,2026-02-20 12:00:00,Malware Infección,Software Malicioso,192.168.1.246,7.0,Activo
INC-0793,2026-04-16 09:00:00,Fuerza Bruta RDP,Acceso no Autorizado,192.168.1.102,7.5,Activo
INC-0794,2026-05-13 17:00:00,Fuerza Bruta RDP,Acceso no Autorizado,192.168.1.242,8.6,Mitigado
INC-0795,2026-02-28 12:00:00,Malware Infección,Software Malicioso,192.168.1.27,7.6,Mitigado
INC-0796,2026-06-02 12:00:00,Phishing,Ingeniería Social,192.168.1.71,5.1,Mitigado
INC-0797,2026-02-02 10:00:00,Inyección SQL (SQLi),Inyección,192.168.1.93,9.1,Activo
INC-0798,2026-04-06 06:00:00,Denegación de Servicio (DDoS),Disponibilidad,192.168.1.242,5.8,En Investigación
INC-0799,2026-02-28 18:00:00,Malware Infección,Software Malicioso,192.168.1.171,7.8,Mitigado
INC-0800,2026-06-14 19:00:00,Denegación de Servicio (DDoS),Disponibilidad,192.168.1.149,7.1,Mitigado
INC-0801,2026-05-28 21:00:00,Fuerza Bruta RDP,Acceso no Autorizado,192.168.1.235,7.4,Activo
INC-0802,2026-01-18 02:00:00,Inyección SQL (SQLi),Inyección,192.168.1.220,9.6,Mitigado
INC-0803,2026-04-14 04:00:00,Denegación de Servicio (DDoS),Disponibilidad,192.168.1.235,6.7,Activo
INC-0804,2026-05-07 19:00:00,Malware Infección,Software Malicioso,192.168.1.27,6.4,Activo
INC-0805,2026-05-30 21:00:00,Denegación de Servicio (DDoS),Disponibilidad,192.168.1.245,6.4,En Investigación
INC-0806,2026-03-31 23:00:00,Phishing,Ingeniería Social,192.168.1.229,5.6,Mitigado
INC-0807,2026-01-12 14:00:00,Phishing,Ingeniería Social,192.168.1.245,4.8,Activo
INC-0808,2026-01-27 04:00:00,Phishing,Ingeniería Social,192.168.1.153,4.4,Mitigado
INC-0809,2026-05-30 03:00:00,Denegación de Servicio (DDoS),Disponibilidad,192.168.1.153,5.2,Mitigado
INC-0810,2026-03-23 14:00:00,Denegación de Servicio (DDoS),Disponibilidad,192.168.1.131,6.1,Mitigado
INC-0811,2026-02-14 05:00:00,Phishing,Ingeniería Social,192.168.1.71,5.8,Mitigado
INC-0812,2026-03-04 11:00:00,Inyección SQL (SQLi),Inyección,192.168.1.87,8.1,Activo
INC-0813,2026-01-15 07:00:00,Denegación de Servicio (DDoS),Disponibilidad,192.168.1.229,7.2,Activo
INC-0814,2026-01-03 04:00:00,Malware Infección,Software Malicioso,192.168.1.245,6.6,En Investigación
INC-0815,2026-04-23 19:00:00,Fuerza Bruta RDP,Acceso no Autorizado,192.168.1.242,8.4,Activo
INC-0816,2026-06-04 00:00:00,Denegación de Servicio (DDoS),Disponibilidad,192.168.1.87,7.0,Mitigado
INC-0817,2026-03-29 00:00:00,Inyección SQL (SQLi),Inyección,192.168.1.131,9.9,Activo
INC-0818,2026-04-09 13:00:00,Phishing,Ingeniería Social,192.168.1.118,4.1,Mitigado
INC-0819,2026-06-10 16:00:00,Malware Infección,Software Malicioso,192.168.1.245,6.4,Activo
INC-0820,2026-06-11 14:00:00,Denegación de Servicio (DDoS),Disponibilidad,192.168.1.230,7.3,Activo
INC-0821,2026-05-09 09:00:00,Fuerza Bruta RDP,Acceso no Autorizado,192.168.1.242,7.3,Activo
INC-0822,2026-01-05 21:00:00,Fuerza Bruta RDP,Acceso no Autorizado,192.168.1.229,8.3,Mitigado
INC-0823,2026-01-26 19:00:00,Fuerza Bruta RDP,Acceso no Autorizado,192.168.1.131,9.0,Mitigado
INC-0824,2026-05-03 02:00:00,Denegación de Servicio (DDoS),Disponibilidad,192.168.1.246,5.5,Mitigado
INC-0825,2026-04-15 06:00:00,Denegación de Servicio (DDoS),Disponibilidad,192.168.1.124,6.9,Mitigado
INC-0826,2026-04-21 17:00:00,Malware Infección,Software Malicioso,192.168.1.230,7.1,En Investigación
INC-0827,2026-04-29 08:00:00,Inyección SQL (SQLi),Inyección,192.168.1.71,8.6,En Investigación
INC-0828,2026-03-20 14:00:00,Denegación de Servicio (DDoS),Disponibilidad,192.168.1.171,5.8,Mitigado
INC-0829,2026-06-15 16:00:00,Fuerza Bruta RDP,Acceso no Autorizado,192.168.1.27,9.6,En Investigación
INC-0830,2026-05-09 02:00:00,Denegación de Servicio (DDoS),Disponibilidad,192.168.1.245,7.0,En Investigación
INC-0831,2026-03-31 22:00:00,Fuerza Bruta RDP,Acceso no Autorizado,192.168.1.171,8.2,Activo
INC-0832,2026-01-28 21:00:00,Phishing,Ingeniería Social,192.168.1.118,5.3,Mitigado
INC-0833,2026-04-08 19:00:00,Malware Infección,Software Malicioso,192.168.1.245,7.3,En Investigación
INC-0834,2026-05-31 17:00:00,Inyección SQL (SQLi),Inyección,192.168.1.27,9.4,En Investigación
INC-0835,2026-06-22 11:00:00,Malware Infección,Software Malicioso,192.168.1.220,6.6,Mitigado
INC-0836,2026-01-29 07:00:00,Malware Infección,Software Malicioso,192.168.1.87,6.0,En Investigación
INC-0837,2026-03-24 09:00:00,Fuerza Bruta RDP,Acceso no Autorizado,192.168.1.129,7.2,Activo
INC-0838,2026-04-30 22:00:00,Phishing,Ingeniería Social,192.168.1.245,5.8,Mitigado
INC-0839,2026-02-25 11:00:00,Malware Infección,Software Malicioso,192.168.1.84,8.3,Mitigado
INC-0840,2026-02-11 01:00:00,Phishing,Ingeniería Social,192.168.1.242,4.2,Activo
INC-0841,2026-01-19 17:00:00,Fuerza Bruta RDP,Acceso no Autorizado,192.168.1.246,7.4,Mitigado
INC-0842,2026-02-06 16:00:00,Fuerza Bruta RDP,Acceso no Autorizado,192.168.1.153,8.2,En Investigación
INC-0843,2026-01-02 12:00:00,Denegación de Servicio (DDoS),Disponibilidad,192.168.1.171,6.5,Activo
INC-0844,2026-03-26 16:00:00,Denegación de Servicio (DDoS),Disponibilidad,192.168.1.131,6.6,Mitigado
INC-0845,2026-06-08 19:00:00,Denegación de Servicio (DDoS),Disponibilidad,192.168.1.242,5.0,Mitigado
INC-0846,2026-04-26 05:00:00,Inyección SQL (SQLi),Inyección,192.168.1.102,9.2,Activo
INC-0847,2026-04-17 10:00:00,Malware Infección,Software Malicioso,192.168.1.84,5.9,En Investigación
INC-0848,2026-06-24 01:00:00,Phishing,Ingeniería Social,192.168.1.149,4.3,En Investigación
INC-0849,2026-03-17 09:00:00,Inyección SQL (SQLi),Inyección,192.168.1.235,8.3,Activo
INC-0850,2026-06-03 15:00:00,Inyección SQL (SQLi),Inyección,192.168.1.124,9.6,Mitigado
INC-0851,2026-02-02 08:00:00,Fuerza Bruta RDP,Acceso no Autorizado,192.168.1.118,8.4,En Investigación
INC-0852,2026-03-24 05:00:00,Inyección SQL (SQLi),Inyección,192.168.1.27,9.0,Mitigado
INC-0853,2026-06-15 21:00:00,Malware Infección,Software Malicioso,192.168.1.93,7.0,En Investigación
INC-0854,2026-06-02 23:00:00,Fuerza Bruta RDP,Acceso no Autorizado,192.168.1.220,9.8,Activo
INC-0855,2026-05-25 22:00:00,Inyección SQL (SQLi),Inyección,192.168.1.84,8.1,En Investigación
INC-0856,2026-05-02 01:00:00,Malware Infección,Software Malicioso,192.168.1.220,7.9,Mitigado
INC-0857,2026-03-10 01:00:00,Inyección SQL (SQLi),Inyección,192.168.1.84,8.0,Mitigado
INC-0858,2026-03-09 23:00:00,Fuerza Bruta RDP,Acceso no Autorizado,192.168.1.93,7.1,Activo
INC-0859,2026-05-02 14:00:00,Phishing,Ingeniería Social,192.168.1.129,4.5,Mitigado
INC-0860,2026-03-14 15:00:00,Fuerza Bruta RDP,Acceso no Autorizado,192.168.1.235,8.9,En Investigación
INC-0861,2026-06-19 22:00:00,Denegación de Servicio (DDoS),Disponibilidad,192.168.1.87,6.9,Activo
INC-0862,2026-05-04 16:00:00,Fuerza Bruta RDP,Acceso no Autorizado,192.168.1.71,8.4,En Investigación
INC-0863,2026-06-24 22:00:00,Fuerza Bruta RDP,Acceso no Autorizado,192.168.1.220,7.8,Mitigado
INC-0864,2026-03-27 17:00:00,Inyección SQL (SQLi),Inyección,192.168.1.87,9.4,En Investigación
INC-0865,2026-05-27 10:00:00,Phishing,Ingeniería Social,192.168.1.118,6.2,En Investigación
INC-0866,2026-01-07 03:00:00,Phishing,Ingeniería Social,192.168.1.102,6.2,Activo
INC-0867,2026-01-07 09:00:00,Inyección SQL (SQLi),Inyección,192.168.1.242,8.5,En Investigación
INC-0868,2026-05-09 23:00:00,Inyección SQL (SQLi),Inyección,192.168.1.229,8.8,Mitigado
INC-0869,2026-06-05 18:00:00,Malware Infección,Software Malicioso,192.168.1.131,7.0,Activo
INC-0870,2026-04-30 22:00:00,Phishing,Ingeniería Social,192.168.1.230,4.6,En Investigación
INC-0871,2026-06-23 00:00:00,Inyección SQL (SQLi),Inyección,192.168.1.149,9.6,Activo
INC-0872,2026-06-22 03:00:00,Inyección SQL (SQLi),Inyección,192.168.1.220,8.7,En Investigación
INC-0873,2026-04-21 03:00:00,Malware Infección,Software Malicioso,192.168.1.230,7.9,Mitigado
INC-0874,2026-03-21 09:00:00,Inyección SQL (SQLi),Inyección,192.168.1.118,8.1,En Investigación
INC-0875,2026-06-16 11:00:00,Phishing,Ingeniería Social,192.168.1.27,6.0,En Investigación
INC-0876,2026-02-04 17:00:00,Fuerza Bruta RDP,Acceso no Autorizado,192.168.1.27,9.3,Activo
INC-0877,2026-03-31 07:00:00,Denegación de Servicio (DDoS),Disponibilidad,192.168.1.171,6.0,Activo
INC-0878,2026-04-23 00:00:00,Phishing,Ingeniería Social,192.168.1.149,6.2,En Investigación
INC-0879,2026-05-22 05:00:00,Malware Infección,Software Malicioso,192.168.1.171,7.2,En Investigación
INC-0880,2026-06-06 06:00:00,Malware Infección,Software Malicioso,192.168.1.102,5.4,Mitigado
INC-0881,2026-06-23 14:00:00,Inyección SQL (SQLi),Inyección,192.168.1.171,9.3,Mitigado
INC-0882,2026-02-22 02:00:00,Phishing,Ingeniería Social,192.168.1.229,4.1,En Investigación
INC-0883,2026-04-25 14:00:00,Inyección SQL (SQLi),Inyección,192.168.1.27,8.6,En Investigación
INC-0884,2026-03-23 20:00:00,Fuerza Bruta RDP,Acceso no Autorizado,192.168.1.229,7.4,En Investigación
INC-0885,2026-05-11 00:00:00,Fuerza Bruta RDP,Acceso no Autorizado,192.168.1.118,9.2,En Investigación
INC-0886,2026-01-02 09:00:00,Inyección SQL (SQLi),Inyección,192.168.1.131,8.9,En Investigación
INC-0887,2026-04-15 13:00:00,Malware Infección,Software Malicioso,192.168.1.131,7.5,Activo
INC-0888,2026-04-19 15:00:00,Fuerza Bruta RDP,Acceso no Autorizado,192.168.1.149,7.0,Activo
INC-0889,2026-06-03 04:00:00,Phishing,Ingeniería Social,192.168.1.149,4.9,Mitigado
INC-0890,2026-03-14 20:00:00,Malware Infección,Software Malicioso,192.168.1.124,6.2,Activo
INC-0891,2026-06-14 16:00:00,Inyección SQL (SQLi),Inyección,192.168.1.220,9.4,Mitigado
INC-0892,2026-02-25 01:00:00,Malware Infección,Software Malicioso,192.168.1.149,6.8,En Investigación
INC-0893,2026-06-01 12:00:00,Fuerza Bruta RDP,Acceso no Autorizado,192.168.1.220,9.6,Activo
INC-0894,2026-06-29 05:00:00,Malware Infección,Software Malicioso,192.168.1.131,6.2,Activo
INC-0895,2026-01-02 06:00:00,Inyección SQL (SQLi),Inyección,192.168.1.84,8.8,Activo
INC-0896,2026-05-14 22:00:00,Phishing,Ingeniería Social,192.168.1.131,4.1,Activo
INC-0897,2026-05-15 20:00:00,Phishing,Ingeniería Social,192.168.1.84,6.5,Mitigado
INC-0898,2026-01-30 03:00:00,Fuerza Bruta RDP,Acceso no Autorizado,192.168.1.235,8.6,Activo
INC-0899,2026-03-16 18:00:00,Inyección SQL (SQLi),Inyección,192.168.1.124,8.3,En Investigación
INC-0900,2026-06-27 04:00:00,Phishing,Ingeniería Social,192.168.1.220,4.8,Mitigado
INC-0901,2026-02-09 22:00:00,Inyección SQL (SQLi),Inyección,192.168.1.246,9.4,En Investigación
INC-0902,2026-06-19 11:00:00,Malware Infección,Software Malicioso,192.168.1.171,6.3,En Investigación
INC-0903,2026-06-16 20:00:00,Phishing,Ingeniería Social,192.168.1.27,5.9,Mitigado
INC-0904,2026-06-27 06:00:00,Phishing,Ingeniería Social,192.168.1.102,4.7,En Investigación
INC-0905,2026-01-13 19:00:00,Denegación de Servicio (DDoS),Disponibilidad,192.168.1.84,6.8,Mitigado
INC-0906,2026-05-03 19:00:00,Malware Infección,Software Malicioso,192.168.1.220,6.8,Mitigado
INC-0907,2026-03-24 06:00:00,Malware Infección,Software Malicioso,192.168.1.171,8.4,Mitigado
INC-0908,2026-02-24 19:00:00,Inyección SQL (SQLi),Inyección,192.168.1.171,9.6,Activo
INC-0909,2026-06-03 21:00:00,Inyección SQL (SQLi),Inyección,192.168.1.71,9.5,Mitigado
INC-0910,2026-01-10 21:00:00,Phishing,Ingeniería Social,192.168.1.245,6.5,Mitigado
INC-0911,2026-04-04 12:00:00,Phishing,Ingeniería Social,192.168.1.93,5.8,Mitigado
INC-0912,2026-01-26 22:00:00,Denegación de Servicio (DDoS),Disponibilidad,192.168.1.27,5.1,Activo
INC-0913,2026-05-28 19:00:00,Inyección SQL (SQLi),Inyección,192.168.1.131,8.7,En Investigación
INC-0914,2026-04-26 19:00:00,Malware Infección,Software Malicioso,192.168.1.87,5.8,Mitigado
INC-0915,2026-04-13 12:00:00,Inyección SQL (SQLi),Inyección,192.168.1.230,9.9,Activo
INC-0916,2026-02-16 07:00:00,Malware Infección,Software Malicioso,192.168.1.171,7.1,Mitigado
INC-0917,2026-01-11 01:00:00,Phishing,Ingeniería Social,192.168.1.229,4.6,En Investigación
INC-0918,2026-02-26 22:00:00,Inyección SQL (SQLi),Inyección,192.168.1.153,8.7,Activo
INC-0919,2026-02-05 11:00:00,Inyección SQL (SQLi),Inyección,192.168.1.149,8.4,En Investigación
INC-0920,2026-06-02 12:00:00,Inyección SQL (SQLi),Inyección,192.168.1.84,8.7,En Investigación
INC-0921,2026-03-29 05:00:00,Malware Infección,Software Malicioso,192.168.1.102,8.4,Mitigado
INC-0922,2026-04-20 06:00:00,Malware Infección,Software Malicioso,192.168.1.27,6.4,Activo
INC-0923,2026-01-19 20:00:00,Fuerza Bruta RDP,Acceso no Autorizado,192.168.1.102,8.4,Mitigado
INC-0924,2026-01-31 15:00:00,Inyección SQL (SQLi),Inyección,192.168.1.93,9.7,Activo
INC-0925,2026-06-25 04:00:00,Inyección SQL (SQLi),Inyección,192.168.1.235,9.6,Activo
INC-0926,2026-02-03 22:00:00,Fuerza Bruta RDP,Acceso no Autorizado,192.168.1.230,9.7,Activo
INC-0927,2026-01-26 11:00:00,Malware Infección,Software Malicioso,192.168.1.93,8.5,Activo
INC-0928,2026-01-22 22:00:00,Phishing,Ingeniería Social,192.168.1.102,5.3,En Investigación
INC-0929,2026-05-05 22:00:00,Fuerza Bruta RDP,Acceso no Autorizado,192.168.1.220,7.0,Activo
INC-0930,2026-01-19 05:00:00,Denegación de Servicio (DDoS),Disponibilidad,192.168.1.131,5.4,Activo
INC-0931,2026-04-07 12:00:00,Denegación de Servicio (DDoS),Disponibilidad,192.168.1.242,6.2,Activo
INC-0932,2026-04-01 07:00:00,Denegación de Servicio (DDoS),Disponibilidad,192.168.1.27,7.0,En Investigación
INC-0933,2026-03-16 18:00:00,Fuerza Bruta RDP,Acceso no Autorizado,192.168.1.245,8.1,Activo
INC-0934,2026-06-27 21:00:00,Denegación de Servicio (DDoS),Disponibilidad,192.168.1.84,5.6,Activo
INC-0935,2026-04-06 04:00:00,Phishing,Ingeniería Social,192.168.1.84,4.2,Activo
INC-0936,2026-06-28 19:00:00,Malware Infección,Software Malicioso,192.168.1.220,7.7,Activo
INC-0937,2026-06-19 03:00:00,Denegación de Servicio (DDoS),Disponibilidad,192.168.1.124,5.8,En Investigación
INC-0938,2026-04-09 15:00:00,Phishing,Ingeniería Social,192.168.1.93,6.4,Activo
INC-0939,2026-03-21 18:00:00,Fuerza Bruta RDP,Acceso no Autorizado,192.168.1.246,8.9,Mitigado
INC-0940,2026-01-14 09:00:00,Denegación de Servicio (DDoS),Disponibilidad,192.168.1.27,7.3,Mitigado
INC-0941,2026-04-13 06:00:00,Phishing,Ingeniería Social,192.168.1.84,4.1,Activo
INC-0942,2026-01-01 16:00:00,Phishing,Ingeniería Social,192.168.1.71,4.8,Mitigado
INC-0943,2026-05-02 13:00:00,Inyección SQL (SQLi),Inyección,192.168.1.87,9.2,Mitigado
INC-0944,2026-05-06 03:00:00,Denegación de Servicio (DDoS),Disponibilidad,192.168.1.171,6.5,Activo
INC-0945,2026-06-03 01:00:00,Phishing,Ingeniería Social,192.168.1.246,5.0,Activo
INC-0946,2026-05-15 14:00:00,Denegación de Servicio (DDoS),Disponibilidad,192.168.1.84,5.6,Mitigado
INC-0947,2026-05-31 02:00:00,Malware Infección,Software Malicioso,192.168.1.230,6.8,Activo
INC-0948,2026-04-02 07:00:00,Denegación de Servicio (DDoS),Disponibilidad,192.168.1.27,6.4,Activo
INC-0949,2026-04-06 01:00:00,Inyección SQL (SQLi),Inyección,192.168.1.246,8.6,Activo
INC-0950,2026-03-28 07:00:00,Phishing,Ingeniería Social,192.168.1.246,5.6,Mitigado
INC-0951,2026-04-21 10:00:00,Denegación de Servicio (DDoS),Disponibilidad,192.168.1.229,5.4,Mitigado
INC-0952,2026-05-16 07:00:00,Denegación de Servicio (DDoS),Disponibilidad,192.168.1.129,7.0,En Investigación
INC-0953,2026-02-17 12:00:00,Inyección SQL (SQLi),Inyección,192.168.1.245,9.0,Activo
INC-0954,2026-06-08 00:00:00,Denegación de Servicio (DDoS),Disponibilidad,192.168.1.71,5.6,Mitigado
INC-0955,2026-04-14 14:00:00,Malware Infección,Software Malicioso,192.168.1.102,7.2,Mitigado
INC-0956,2026-06-24 13:00:00,Phishing,Ingeniería Social,192.168.1.27,6.5,En Investigación
INC-0957,2026-05-16 11:00:00,Inyección SQL (SQLi),Inyección,192.168.1.124,9.1,Activo
INC-0958,2026-05-01 17:00:00,Phishing,Ingeniería Social,192.168.1.118,5.7,Activo
INC-0959,2026-01-31 06:00:00,Fuerza Bruta RDP,Acceso no Autorizado,192.168.1.131,7.9,Mitigado
INC-0960,2026-02-09 07:00:00,Fuerza Bruta RDP,Acceso no Autorizado,192.168.1.230,9.2,En Investigación
INC-0961,2026-06-18 22:00:00,Denegación de Servicio (DDoS),Disponibilidad,192.168.1.124,6.2,En Investigación
INC-0962,2026-05-01 16:00:00,Denegación de Servicio (DDoS),Disponibilidad,192.168.1.242,6.7,Mitigado
INC-0963,2026-02-18 03:00:00,Denegación de Servicio (DDoS),Disponibilidad,192.168.1.242,7.3,En Investigación
INC-0964,2026-01-05 19:00:00,Inyección SQL (SQLi),Inyección,192.168.1.245,8.9,Mitigado
INC-0965,2026-02-19 23:00:00,Phishing,Ingeniería Social,192.168.1.149,4.6,Mitigado
INC-0966,2026-06-20 08:00:00,Fuerza Bruta RDP,Acceso no Autorizado,192.168.1.93,8.0,Activo
INC-0967,2026-01-31 22:00:00,Phishing,Ingeniería Social,192.168.1.235,5.8,Activo
INC-0968,2026-04-25 21:00:00,Denegación de Servicio (DDoS),Disponibilidad,192.168.1.102,7.5,Mitigado
INC-0969,2026-06-10 03:00:00,Malware Infección,Software Malicioso,192.168.1.149,6.4,Mitigado
INC-0970,2026-06-01 06:00:00,Denegación de Servicio (DDoS),Disponibilidad,192.168.1.87,6.5,Mitigado
INC-0971,2026-02-21 11:00:00,Malware Infección,Software Malicioso,192.168.1.131,6.9,En Investigación
INC-0972,2026-06-19 05:00:00,Fuerza Bruta RDP,Acceso no Autorizado,192.168.1.235,8.2,Activo
INC-0973,2026-01-04 19:00:00,Phishing,Ingeniería Social,192.168.1.230,6.1,Activo
INC-0974,2026-01-14 16:00:00,Malware Infección,Software Malicioso,192.168.1.230,6.3,Mitigado
INC-0975,2026-04-30 01:00:00,Inyección SQL (SQLi),Inyección,192.168.1.242,8.7,Mitigado
INC-0976,2026-06-17 18:00:00,Phishing,Ingeniería Social,192.168.1.71,4.9,Activo
INC-0977,2026-04-26 20:00:00,Fuerza Bruta RDP,Acceso no Autorizado,192.168.1.129,9.4,Activo
INC-0978,2026-03-04 04:00:00,Malware Infección,Software Malicioso,192.168.1.229,5.6,Activo
INC-0979,2026-06-11 11:00:00,Denegación de Servicio (DDoS),Disponibilidad,192.168.1.27,5.3,Mitigado
INC-0980,2026-05-25 12:00:00,Malware Infección,Software Malicioso,192.168.1.153,6.3,Activo
INC-0981,2026-03-26 14:00:00,Fuerza Bruta RDP,Acceso no Autorizado,192.168.1.131,8.9,Mitigado
INC-0982,2026-01-11 22:00:00,Inyección SQL (SQLi),Inyección,192.168.1.229,8.2,En Investigación
INC-0983,2026-02-27 07:00:00,Malware Infección,Software Malicioso,192.168.1.171,6.5,En Investigación
INC-0984,2026-03-14 09:00:00,Inyección SQL (SQLi),Inyección,192.168.1.153,9.0,Mitigado
INC-0985,2026-05-02 21:00:00,Phishing,Ingeniería Social,192.168.1.129,5.0,En Investigación
INC-0986,2026-01-18 03:00:00,Malware Infección,Software Malicioso,192.168.1.124,7.4,Activo
INC-0987,2026-01-24 19:00:00,Phishing,Ingeniería Social,192.168.1.242,4.5,En Investigación
INC-0988,2026-03-28 11:00:00,Fuerza Bruta RDP,Acceso no Autorizado,192.168.1.102,9.3,Activo
INC-0989,2026-05-24 23:00:00,Fuerza Bruta RDP,Acceso no Autorizado,192.168.1.71,9.6,Mitigado
INC-0990,2026-04-14 11:00:00,Malware Infección,Software Malicioso,192.168.1.153,7.9,Mitigado
INC-0991,2026-01-14 09:00:00,Phishing,Ingeniería Social,192.168.1.230,4.5,En Investigación
INC-0992,2026-01-10 11:00:00,Inyección SQL (SQLi),Inyección,192.168.1.230,9.8,En Investigación
INC-0993,2026-04-28 11:00:00,Phishing,Ingeniería Social,192.168.1.102,6.0,Mitigado
INC-0994,2026-02-21 19:00:00,Denegación de Servicio (DDoS),Disponibilidad,192.168.1.71,6.0,Mitigado
INC-0995,2026-05-15 17:00:00,Inyección SQL (SQLi),Inyección,192.168.1.245,8.6,Mitigado
INC-0996,2026-05-18 13:00:00,Denegación de Servicio (DDoS),Disponibilidad,192.168.1.235,5.5,Mitigado
INC-0997,2026-04-14 22:00:00,Fuerza Bruta RDP,Acceso no Autorizado,192.168.1.118,7.8,En Investigación
INC-0998,2026-03-09 10:00:00,Fuerza Bruta RDP,Acceso no Autorizado,192.168.1.102,7.6,En Investigación
INC-0999,2026-05-09 20:00:00,Malware Infección,Software Malicioso,192.168.1.235,5.3,Mitigado
INC-1000,2026-06-18 23:00:00,Fuerza Bruta RDP,Acceso no Autorizado,192.168.1.93,9.1,Activo
